source_path,package_path,status,cohort,purpose,sha256,bytes,reason
results/parent_group_pilot_v1/data/protocol.json,sources/results/parent_group_pilot_v1/data/protocol.json,included_byte_exact,D1_parent_isolated_development,metadata,175d555c6da4dabf268b13a6cf0ca8bbbca97e91fcc0cebe7d4aadf9092222f3,4393,
results/parent_group_pilot_v1/data/seal.json,sources/results/parent_group_pilot_v1/data/seal.json,included_byte_exact,D1_parent_isolated_development,metadata,5b8a927d56f0c4961963b7e091c0dc0bd34924ea4e2bbf86e9214c57810fcf2c,16567,
results/parent_group_pilot_v1/data/selected.csv,sources/results/parent_group_pilot_v1/data/selected.csv,included_byte_exact,D1_parent_isolated_development,physical-train-only split metadata,102f27e8f4186920035c87dcf70b113a4208a079afed257401fca4c8706fbb2c,29586,
results/parent_group_pilot_v1/data/packets/obs_007792.npz,,excluded_without_opening,D1_parent_isolated_development,sealed physical-train development-validation packet,b6865016bbebfd165fcf6981c484ac62a4b4ea2b8f81035031f5972b983892cc,,Excluded saved raster/target packet or probability arrays; this pack carries scalar development targets separately.
results/parent_group_pilot_v1/data/packets/obs_014028.npz,,excluded_without_opening,D1_parent_isolated_development,sealed physical-train development-validation packet,9faeac61af1a1c15548e58000f5a273fc5fb0ed975c26d048b226e1139928e93,,Excluded saved raster/target packet or probability arrays; this pack carries scalar development targets separately.
results/parent_group_pilot_v1/data/packets/obs_003677.npz,,excluded_without_opening,D1_parent_isolated_development,sealed physical-train development-validation packet,4804da04b03877bda3bb823d653a8902224b32a75d5e67e552b792b4aa00d09f,,Excluded saved raster/target packet or probability arrays; this pack carries scalar development targets separately.
results/parent_group_pilot_v1/data/packets/obs_013470.npz,,excluded_without_opening,D1_parent_isolated_development,sealed physical-train development-validation packet,26415f158bbce3e2ca480dcb71ef65b0851a839f537ac0b9b5922b29e4248898,,Excluded saved raster/target packet or probability arrays; this pack carries scalar development targets separately.
results/parent_group_pilot_v1/data/packets/obs_023532.npz,,excluded_without_opening,D1_parent_isolated_development,sealed physical-train development-validation packet,91c9150ba8b0c609f5071e507000982d6a1fb65390a5cea13f8555ef9a5e3888,,Excluded saved raster/target packet or probability arrays; this pack carries scalar development targets separately.
results/parent_group_pilot_v1/data/packets/obs_000206.npz,,excluded_without_opening,D1_parent_isolated_development,sealed physical-train development-validation packet,118aa32ab018279cb01d1d85ff39ceef71fd92517e040a152bc04f6cfd4a5a09,,Excluded saved raster/target packet or probability arrays; this pack carries scalar development targets separately.
results/parent_group_pilot_v1/data/packets/obs_009280.npz,,excluded_without_opening,D1_parent_isolated_development,sealed physical-train development-validation packet,6b7c7009bf23bd0e209531281b9e36d3a63c5aacdd9ada0a88382eb3288dd196,,Excluded saved raster/target packet or probability arrays; this pack carries scalar development targets separately.
results/parent_group_pilot_v1/data/packets/obs_023335.npz,,excluded_without_opening,D1_parent_isolated_development,sealed physical-train development-validation packet,368d813cdc18caf6ef8c23c286af81a2a30774a6fc1ecb6f8bcfa56e72ea05b8,,Excluded saved raster/target packet or probability arrays; this pack carries scalar development targets separately.
results/parent_group_pilot_v1/data/packets/obs_065777.npz,,excluded_without_opening,D1_parent_isolated_development,sealed physical-train development-validation packet,e5516726f2862fdf8ce469445fb5d3e0b492af1163453eeb893a8249cc69af7f,,Excluded saved raster/target packet or probability arrays; this pack carries scalar development targets separately.
results/parent_group_pilot_v1/data/packets/obs_082481.npz,,excluded_without_opening,D1_parent_isolated_development,sealed physical-train development-validation packet,a43a179757d2c8ea365a73bd74fde0366d7fcbdab1b400f6249d07f1d0d189c7,,Excluded saved raster/target packet or probability arrays; this pack carries scalar development targets separately.
results/parent_group_pilot_v1/data/packets/obs_088552.npz,,excluded_without_opening,D1_parent_isolated_development,sealed physical-train development-validation packet,88c072a6acbe69a9b077c48fdd81737e41bf4665916b8f63cef08df544ad5bd7,,Excluded saved raster/target packet or probability arrays; this pack carries scalar development targets separately.
results/parent_group_pilot_v1/data/packets/obs_029552.npz,,excluded_without_opening,D1_parent_isolated_development,sealed physical-train development-validation packet,416e44877e5e0fd2e155b8742e01a434a1aa8cacd37d26ac9d41bdccc064ae80,,Excluded saved raster/target packet or probability arrays; this pack carries scalar development targets separately.
results/parent_group_pilot_v1/data/packets/obs_097040.npz,,excluded_without_opening,D1_parent_isolated_development,sealed physical-train development-validation packet,8fffcf1c4662ea03486704f39a51800bc73e017a8ba86b20c2e9934bd27cead6,,Excluded saved raster/target packet or probability arrays; this pack carries scalar development targets separately.
results/parent_group_pilot_v1/data/packets/obs_039417.npz,,excluded_without_opening,D1_parent_isolated_development,sealed physical-train development-validation packet,0a8275719bab2db545765fa4924be7e907497f76adede6c33b0553a715342206,,Excluded saved raster/target packet or probability arrays; this pack carries scalar development targets separately.
results/parent_group_pilot_v1/data/packets/obs_053903.npz,,excluded_without_opening,D1_parent_isolated_development,sealed physical-train development-validation packet,10c96cd13a4943ef609bf68b3cdc2af582678322d4d3efd27199d19382836d08,,Excluded saved raster/target packet or probability arrays; this pack carries scalar development targets separately.
results/parent_group_pilot_v1/data/packets/obs_025765.npz,,excluded_without_opening,D1_parent_isolated_development,sealed physical-train development-validation packet,4523890099a76734cdb3840b4c797fb11a7b1b7729ec842e385216d38cf5d068,,Excluded saved raster/target packet or probability arrays; this pack carries scalar development targets separately.
results/parent_group_pilot_v1/data/packets/obs_116392.npz,,excluded_without_opening,D1_parent_isolated_development,sealed physical-train development-validation packet,99f3107e31ce1e370d90acca8244a413af8933bd3193c27abf4832009725df56,,Excluded saved raster/target packet or probability arrays; this pack carries scalar development targets separately.
results/parent_group_pilot_v1/data/packets/obs_132842.npz,,excluded_without_opening,D1_parent_isolated_development,sealed physical-train development-validation packet,250775e9783f8a347a2848bbfa96dc8ab63fcca470f7aee676b585335cd4fc33,,Excluded saved raster/target packet or probability arrays; this pack carries scalar development targets separately.
results/parent_group_pilot_v1/data/packets/obs_130240.npz,,excluded_without_opening,D1_parent_isolated_development,sealed physical-train development-validation packet,6a1d7f22b60dca1af385aa943e462211091cffc60f2aef73b815e316e0b613bf,,Excluded saved raster/target packet or probability arrays; this pack carries scalar development targets separately.
results/parent_group_pilot_v1/data/packets/obs_114561.npz,,excluded_without_opening,D1_parent_isolated_development,sealed physical-train development-validation packet,0b557d454d5f42fc463451c540a92cb26fe21b85163ba82bdb65801431082b96,,Excluded saved raster/target packet or probability arrays; this pack carries scalar development targets separately.
results/parent_group_pilot_v1/data/packets/obs_101106.npz,,excluded_without_opening,D1_parent_isolated_development,sealed physical-train development-validation packet,c37eb9f7c92d6438ac6d7986fce6edeccbbaaad33c978ed8e3bec376b3b2fa1d,,Excluded saved raster/target packet or probability arrays; this pack carries scalar development targets separately.
results/parent_group_pilot_v1/data/packets/obs_114394.npz,,excluded_without_opening,D1_parent_isolated_development,sealed physical-train development-validation packet,428496e51bf6de1275d74a4fe002640fb73a97fecff6b8ddda7286c982bf1cfe,,Excluded saved raster/target packet or probability arrays; this pack carries scalar development targets separately.
results/parent_group_pilot_v1/data/packets/obs_140368.npz,,excluded_without_opening,D1_parent_isolated_development,sealed physical-train development-validation packet,0a37f1536fc81d5c77489ed03c24a31b34317d1b94119cbbc6d91ffa2f9c186c,,Excluded saved raster/target packet or probability arrays; this pack carries scalar development targets separately.
results/parent_group_pilot_v1/data/packets/obs_115854.npz,,excluded_without_opening,D1_parent_isolated_development,sealed physical-train development-validation packet,7ef830168e6a877076690ad01a66a12c2197f81570c29ddf4900ae7a8ebaa41e,,Excluded saved raster/target packet or probability arrays; this pack carries scalar development targets separately.
results/parent_group_pilot_v1/data/packets/obs_157856.npz,,excluded_without_opening,D1_parent_isolated_development,sealed physical-train development-validation packet,f5217277ec8754c92dfb837bbc450009a51ba41e204b9bc5539e9b75b7ec3137,,Excluded saved raster/target packet or probability arrays; this pack carries scalar development targets separately.
results/parent_group_pilot_v1/data/packets/obs_146560.npz,,excluded_without_opening,D1_parent_isolated_development,sealed physical-train development-validation packet,c8c4af890d73a4555d69ff165950b2ee631bf0ddd4429c0b8d7802fd2ea4fcc9,,Excluded saved raster/target packet or probability arrays; this pack carries scalar development targets separately.
results/parent_group_pilot_v1/data/packets/obs_153173.npz,,excluded_without_opening,D1_parent_isolated_development,sealed physical-train development-validation packet,de7d880d15dd3308adfd585ab1a58374638ac9b518203512722ea6bffe6bf8f4,,Excluded saved raster/target packet or probability arrays; this pack carries scalar development targets separately.
results/parent_group_pilot_v1/data/packets/obs_158518.npz,,excluded_without_opening,D1_parent_isolated_development,sealed physical-train development-validation packet,f98a5b259a695465f0c15b6970b6d0ab1f9298fa7acec47a71e177eb16b2bc7a,,Excluded saved raster/target packet or probability arrays; this pack carries scalar development targets separately.
results/parent_group_pilot_v1/data/packets/obs_157947.npz,,excluded_without_opening,D1_parent_isolated_development,sealed physical-train development-validation packet,f35addff8f5f60cb91e059eb89434a425b78c0c973a782628d1ea1aa468ed75e,,Excluded saved raster/target packet or probability arrays; this pack carries scalar development targets separately.
results/parent_group_pilot_v1/data/packets/obs_168309.npz,,excluded_without_opening,D1_parent_isolated_development,sealed physical-train development-validation packet,047c2d24d99e0febc3338c9edc7ec7e088739a7ba161bbe409999aae0d23866b,,Excluded saved raster/target packet or probability arrays; this pack carries scalar development targets separately.
results/parent_group_pilot_v1/data/packets/obs_164403.npz,,excluded_without_opening,D1_parent_isolated_development,sealed physical-train development-validation packet,a0d69c5bf0c7082fd74a863214e71a7a69a3da2a754dda7f67d9974a78d3a281,,Excluded saved raster/target packet or probability arrays; this pack carries scalar development targets separately.
results/parent_group_pilot_v1/data/packets/obs_166408.npz,,excluded_without_opening,D1_parent_isolated_development,sealed physical-train development-validation packet,839f700bd17c6b26963f146f8047c08012fe551a898c58af2642c5fa8cd7d4f8,,Excluded saved raster/target packet or probability arrays; this pack carries scalar development targets separately.
results/parent_group_pilot_v1/data/packets/obs_173909.npz,,excluded_without_opening,D1_parent_isolated_development,sealed physical-train development-validation packet,4df817d94639faef9790ca56e3fe3c8d8a3bb82219ded9e38474d7a7ec47c38a,,Excluded saved raster/target packet or probability arrays; this pack carries scalar development targets separately.
results/parent_group_pilot_v1/data/packets/obs_228691.npz,,excluded_without_opening,D1_parent_isolated_development,sealed physical-train development-validation packet,405a9f89d61e7acba19eba8e0f52df8e5d317d675cdac15e69ad4a99d25a0296,,Excluded saved raster/target packet or probability arrays; this pack carries scalar development targets separately.
results/parent_group_pilot_v1/data/packets/obs_283473.npz,,excluded_without_opening,D1_parent_isolated_development,sealed physical-train development-validation packet,bfc681282996f912e4ac3de2674cc9d99a1acb503ff0997f2be563178466d61e,,Excluded saved raster/target packet or probability arrays; this pack carries scalar development targets separately.
results/parent_group_pilot_v1/data/packets/obs_177028.npz,,excluded_without_opening,D1_parent_isolated_development,sealed physical-train development-validation packet,74b48b6febf82fbf71956350650e1d537ba4abb1f2029e1cdc0a91269be19045,,Excluded saved raster/target packet or probability arrays; this pack carries scalar development targets separately.
results/parent_group_pilot_v1/data/packets/obs_203894.npz,,excluded_without_opening,D1_parent_isolated_development,sealed physical-train development-validation packet,1c26373c95e093b4565e8c231e83afd04b545ede738150c2185fdbaea667cc59,,Excluded saved raster/target packet or probability arrays; this pack carries scalar development targets separately.
results/parent_group_pilot_v1/data/packets/obs_257522.npz,,excluded_without_opening,D1_parent_isolated_development,sealed physical-train development-validation packet,490d1da8fab76d9d9e2e4ddee21c13c7ed41d2d751c70dd7234fac8437a978b0,,Excluded saved raster/target packet or probability arrays; this pack carries scalar development targets separately.
results/parent_group_pilot_v1/data/packets/obs_294030.npz,,excluded_without_opening,D1_parent_isolated_development,sealed physical-train development-validation packet,cb027c90c586d20fcd63ebf46ee8a9bdfb16f1e12e94fe8dc790a04402c490bf,,Excluded saved raster/target packet or probability arrays; this pack carries scalar development targets separately.
results/parent_group_pilot_v1/data/packets/obs_241948.npz,,excluded_without_opening,D1_parent_isolated_development,sealed physical-train development-validation packet,1b4f2016b319b53d35879a8633577c2f5cc130cc52b0dc726f6dd6428155a5a4,,Excluded saved raster/target packet or probability arrays; this pack carries scalar development targets separately.
results/parent_group_pilot_v1/analysis.json,sources/results/parent_group_pilot_v1/analysis.json,included_byte_exact,D1_parent_isolated_development,metadata,0875640afd84a7d5a1446943328ae90e40f3b4cdc8cbe02af04d01d428ee8cc5,18561,
results/parent_group_pilot_v1/verification.json,sources/results/parent_group_pilot_v1/verification.json,included_byte_exact,D1_parent_isolated_development,metadata,b64fd22bce079357883d8eb6f289c44e29d639c53af8b6acadcda41cd16c3f86,3074,
results/coherent_parent_pilot_v1/analysis.json,sources/results/coherent_parent_pilot_v1/analysis.json,included_byte_exact,D2_reused_two_seed_development,metadata,6da43493e5e50b975b4d5c08036c85fdd0dca3c6ee2e078e54ff80646f8496b6,4818,
results/coherent_parent_pilot_v1/protocol.json,sources/results/coherent_parent_pilot_v1/protocol.json,included_byte_exact,D2_reused_two_seed_development,metadata,e386002c572923be16be3b65deb720a0e49ab211bce40c0451b8e50fcd3a1d57,3888,
results/coherent_parent_pilot_v1/independent_verification.json,sources/results/coherent_parent_pilot_v1/independent_verification.json,included_byte_exact,D2_reused_two_seed_development,metadata,10748e3cabe19eaad77bf3f7f9d45895c6fda9277b5f77d062b9c7470f071801,43451,
results/parent_group_pilot_v1/evaluation/all_blocked/rule/report.json,sources/results/parent_group_pilot_v1/evaluation/all_blocked/rule/report.json,included_byte_exact,D1_parent_isolated_development,metadata,3acc370e7d5e42472588a3debcb6ed8d65564f404a1280ac52ffec484434ee4a,4180,
results/parent_group_pilot_v1/evaluation/all_blocked/rule/predictions_k1.csv,sources/results/parent_group_pilot_v1/evaluation/all_blocked/rule/predictions_k1.csv,included_byte_exact,D1_parent_isolated_development,existing label-free physical-train development-validation predictions,06799c4968c9f5197bba5b987b8589bba6b2588d7b36c7df949c84af06dd3aca,66057,
results/parent_group_pilot_v1/evaluation/all_blocked/rule/maps_k1.json,sources/results/parent_group_pilot_v1/evaluation/all_blocked/rule/maps_k1.json,included_byte_exact,D1_parent_isolated_development,existing per-case hidden-map metrics,cc0b9a75c94cbde23b96ed61f8f05dfea66c637c5724b59de459afc1b6b9d933,12797,
results/parent_group_pilot_v1/evaluation/all_floor/rule/report.json,sources/results/parent_group_pilot_v1/evaluation/all_floor/rule/report.json,included_byte_exact,D1_parent_isolated_development,metadata,9272adbe470405d58cd908a00e9e7752a2b270b613b2b6bb2d49b95c3fd188fb,4234,
results/parent_group_pilot_v1/evaluation/all_floor/rule/predictions_k1.csv,sources/results/parent_group_pilot_v1/evaluation/all_floor/rule/predictions_k1.csv,included_byte_exact,D1_parent_isolated_development,existing label-free physical-train development-validation predictions,c7b3568655c80abd3d047aedce9750dc568012c0885e110c6a5ef170df9c6f4f,66057,
results/parent_group_pilot_v1/evaluation/all_floor/rule/maps_k1.json,sources/results/parent_group_pilot_v1/evaluation/all_floor/rule/maps_k1.json,included_byte_exact,D1_parent_isolated_development,existing per-case hidden-map metrics,5d284f2c2d2e9ddfdb06cf3a448f559471c4a663d2eb491e2c813baed8ccd826,14028,
results/parent_group_pilot_v1/evaluation/correlated/20260910/report.json,sources/results/parent_group_pilot_v1/evaluation/correlated/20260910/report.json,included_byte_exact,D1_parent_isolated_development,metadata,d1a775e8649b112446006da156e0fd5f385a569371100202ce155a859250246f,8615,
results/parent_group_pilot_v1/runs/correlated/20260910/best.pt,,excluded_without_opening,D1_parent_isolated_development,model checkpoint bytes only; no forward,a1cc966191aa5d5526738dce648a3d42c57aedddf3218b979f3f5266fc69bc73,,Excluded model weights; original recorded hash retained without reading checkpoint bytes.
results/parent_group_pilot_v1/runs/correlated/20260910/recipe.json,sources/results/parent_group_pilot_v1/runs/correlated/20260910/recipe.json,included_byte_exact,D1_parent_isolated_development,metadata,a7b897680e28b006f451b27af8f57b1ee68bf28bc712266f6c080fc40a9f28a8,1678,
results/parent_group_pilot_v1/runs/correlated/20260910/complete.json,sources/results/parent_group_pilot_v1/runs/correlated/20260910/complete.json,included_byte_exact,D1_parent_isolated_development,metadata,f362c3c9f9ba188c4552e64deac4f019b6ced454e842a336505c80153548a416,422,
results/parent_group_pilot_v1/runs/correlated/20260910/history.json,sources/results/parent_group_pilot_v1/runs/correlated/20260910/history.json,included_byte_exact,D1_parent_isolated_development,metadata,3bc35ae0374d1ea268bdff41e5782290c5b6599449ace7dcd53b0b8f390105c1,15191,
results/parent_group_pilot_v1/evaluation/correlated/20260910/conditional_mean_maps.npz,,excluded_without_opening,D1_parent_isolated_development,saved conditional categorical probabilities; no inference,c0cd728a62320eb362241911643a0458e774c2ad4f1a235e91134b00b3f1c929,,Excluded saved raster/target packet or probability arrays; this pack carries scalar development targets separately.
results/parent_group_pilot_v1/evaluation/correlated/20260910/predictions_k4.csv,sources/results/parent_group_pilot_v1/evaluation/correlated/20260910/predictions_k4.csv,included_byte_exact,D1_parent_isolated_development,existing label-free physical-train development-validation predictions,f0b7e7743b70a8f441984230aced039f747255206a90786e7f5ab7fd4be1bff2,66208,
results/parent_group_pilot_v1/evaluation/correlated/20260910/maps_k4.json,sources/results/parent_group_pilot_v1/evaluation/correlated/20260910/maps_k4.json,included_byte_exact,D1_parent_isolated_development,existing per-case hidden-map metrics,856571d6c5dd4b34353844eb73f6285a03a5ffba425578189baed65f7bc5a997,15232,
results/parent_group_pilot_v1/evaluation/correlated/20260910/predictions_k32.csv,sources/results/parent_group_pilot_v1/evaluation/correlated/20260910/predictions_k32.csv,included_byte_exact,D1_parent_isolated_development,existing label-free physical-train development-validation predictions,b98ff3a43afb8c86866d48849b9acc83f1280a952ea3719c564a2e7941110ccc,67405,
results/parent_group_pilot_v1/evaluation/correlated/20260910/maps_k32.json,sources/results/parent_group_pilot_v1/evaluation/correlated/20260910/maps_k32.json,included_byte_exact,D1_parent_isolated_development,existing per-case hidden-map metrics,b97df834c1f893fe471b979bd3df1637be44444776e7763e59910a4f2c121548,15277,
results/parent_group_pilot_v1/evaluation/correlated/20260911/report.json,sources/results/parent_group_pilot_v1/evaluation/correlated/20260911/report.json,included_byte_exact,D1_parent_isolated_development,metadata,d4792bfeb471e657b9738c5b54ad2875f2963e430986884a1344597cb4658b23,8512,
results/parent_group_pilot_v1/runs/correlated/20260911/best.pt,,excluded_without_opening,D1_parent_isolated_development,model checkpoint bytes only; no forward,d4dc1e0becf492e037c723548c9c7e3a3098cd7c894552a02fd0f1cb64740618,,Excluded model weights; original recorded hash retained without reading checkpoint bytes.
results/parent_group_pilot_v1/runs/correlated/20260911/recipe.json,sources/results/parent_group_pilot_v1/runs/correlated/20260911/recipe.json,included_byte_exact,D1_parent_isolated_development,metadata,64e7221a63ae5dfe3694124c1d7c65d9555de63bff2c306569257401b31d38f7,1678,
results/parent_group_pilot_v1/runs/correlated/20260911/complete.json,sources/results/parent_group_pilot_v1/runs/correlated/20260911/complete.json,included_byte_exact,D1_parent_isolated_development,metadata,6b6ee303ad54ae2d9965639a1f100db15ea9dc0285ff41e3494d029c854924a3,424,
results/parent_group_pilot_v1/runs/correlated/20260911/history.json,sources/results/parent_group_pilot_v1/runs/correlated/20260911/history.json,included_byte_exact,D1_parent_isolated_development,metadata,8bf1c5412777afa29398316fa461fd48727bac6a8ee8815ed00f52847f313a50,14564,
results/parent_group_pilot_v1/evaluation/correlated/20260911/conditional_mean_maps.npz,,excluded_without_opening,D1_parent_isolated_development,saved conditional categorical probabilities; no inference,56c943662bd17b557bde36865988c41b264c7e01b68b050710bf09d6c0691f96,,Excluded saved raster/target packet or probability arrays; this pack carries scalar development targets separately.
results/parent_group_pilot_v1/evaluation/correlated/20260911/predictions_k4.csv,sources/results/parent_group_pilot_v1/evaluation/correlated/20260911/predictions_k4.csv,included_byte_exact,D1_parent_isolated_development,existing label-free physical-train development-validation predictions,8b5af8286f6ab6ddbe9c0d26b1c7b04df20ec9faa264240274f67418f3baa5ed,66199,
results/parent_group_pilot_v1/evaluation/correlated/20260911/maps_k4.json,sources/results/parent_group_pilot_v1/evaluation/correlated/20260911/maps_k4.json,included_byte_exact,D1_parent_isolated_development,existing per-case hidden-map metrics,1f14d538b0a9d0b95c722507abe8a101371747aab06ffd2ef4f0d2b26f054ceb,15235,
results/parent_group_pilot_v1/evaluation/correlated/20260911/predictions_k32.csv,sources/results/parent_group_pilot_v1/evaluation/correlated/20260911/predictions_k32.csv,included_byte_exact,D1_parent_isolated_development,existing label-free physical-train development-validation predictions,a22d8c4b4db70546bde30d1ecb74dc709f760337d11f2c7bd50a729d40b732c7,67164,
results/parent_group_pilot_v1/evaluation/correlated/20260911/maps_k32.json,sources/results/parent_group_pilot_v1/evaluation/correlated/20260911/maps_k32.json,included_byte_exact,D1_parent_isolated_development,existing per-case hidden-map metrics,75ed85e0e6a1c2d3c4782d9ff758b32a00a94e5e6fae5d8a82a473d8639a0ded,15287,
results/parent_group_pilot_v1/evaluation/correlated/20260912/report.json,sources/results/parent_group_pilot_v1/evaluation/correlated/20260912/report.json,included_byte_exact,D1_parent_isolated_development,metadata,e24f48c93662ed02124a1caa2ebd2f9d46e2e3892e3fc7b39e11adbd2558a869,8552,
results/parent_group_pilot_v1/runs/correlated/20260912/best.pt,,excluded_without_opening,D1_parent_isolated_development,model checkpoint bytes only; no forward,284584c5dfbaac6a335759d6eb46a6480aae77508443171b4ff2e640e4456ab0,,Excluded model weights; original recorded hash retained without reading checkpoint bytes.
results/parent_group_pilot_v1/runs/correlated/20260912/recipe.json,sources/results/parent_group_pilot_v1/runs/correlated/20260912/recipe.json,included_byte_exact,D1_parent_isolated_development,metadata,cbb0217b59934a98c1833e763bf79ad4c66d972c3ba3818031fbc911d6fd7e02,1678,
results/parent_group_pilot_v1/runs/correlated/20260912/complete.json,sources/results/parent_group_pilot_v1/runs/correlated/20260912/complete.json,included_byte_exact,D1_parent_isolated_development,metadata,be5102c5f81d3dcd5f6014081afc7758bfdf6fefad947cddc99e4c72a937533d,422,
results/parent_group_pilot_v1/runs/correlated/20260912/history.json,sources/results/parent_group_pilot_v1/runs/correlated/20260912/history.json,included_byte_exact,D1_parent_isolated_development,metadata,48cc5b06cf862046d00667708167da287cccea2d752872031a3f4867369b1bfe,15182,
results/parent_group_pilot_v1/evaluation/correlated/20260912/conditional_mean_maps.npz,,excluded_without_opening,D1_parent_isolated_development,saved conditional categorical probabilities; no inference,5d031f01c1e5be546c37678bc3fb3584c87b9dc67321d99980888a7d1d67d903,,Excluded saved raster/target packet or probability arrays; this pack carries scalar development targets separately.
results/parent_group_pilot_v1/evaluation/correlated/20260912/predictions_k4.csv,sources/results/parent_group_pilot_v1/evaluation/correlated/20260912/predictions_k4.csv,included_byte_exact,D1_parent_isolated_development,existing label-free physical-train development-validation predictions,a66d5aa30c0705b1479afee2b0ac08c6a0017dc03d413559959cf6e954270f0a,66200,
results/parent_group_pilot_v1/evaluation/correlated/20260912/maps_k4.json,sources/results/parent_group_pilot_v1/evaluation/correlated/20260912/maps_k4.json,included_byte_exact,D1_parent_isolated_development,existing per-case hidden-map metrics,c42185e3aa1fcfd8b833ade3cbde86e7553664ca2e223525c2306c79fdde74b1,15228,
results/parent_group_pilot_v1/evaluation/correlated/20260912/predictions_k32.csv,sources/results/parent_group_pilot_v1/evaluation/correlated/20260912/predictions_k32.csv,included_byte_exact,D1_parent_isolated_development,existing label-free physical-train development-validation predictions,602fcd8e54d02dafdb0370ea1223289601529f54b9bc7662dc43d24564075b63,67339,
results/parent_group_pilot_v1/evaluation/correlated/20260912/maps_k32.json,sources/results/parent_group_pilot_v1/evaluation/correlated/20260912/maps_k32.json,included_byte_exact,D1_parent_isolated_development,existing per-case hidden-map metrics,75edbfa6984ec204a630d17ce16c736f4c57a46f0d079cef6dfa5e206fe580b0,15278,
results/parent_group_pilot_v1/evaluation/deterministic/20260910/report.json,sources/results/parent_group_pilot_v1/evaluation/deterministic/20260910/report.json,included_byte_exact,D1_parent_isolated_development,metadata,f79f432c9bc72cf2455dda23eb98c1e0c5e982ea6fb5cbcf041185ffd0bf19a2,4486,
results/parent_group_pilot_v1/runs/deterministic/20260910/best.pt,,excluded_without_opening,D1_parent_isolated_development,model checkpoint bytes only; no forward,e1c359971d171466f756c8f8477cb7bf12671cb4181e0d491ac5d1e8dc510eb8,,Excluded model weights; original recorded hash retained without reading checkpoint bytes.
results/parent_group_pilot_v1/runs/deterministic/20260910/recipe.json,sources/results/parent_group_pilot_v1/runs/deterministic/20260910/recipe.json,included_byte_exact,D1_parent_isolated_development,metadata,a21137aecc911533c546899ab4b12dfbaa84c54b64f4699b8b52b6b1e11cb8f9,1681,
results/parent_group_pilot_v1/runs/deterministic/20260910/complete.json,sources/results/parent_group_pilot_v1/runs/deterministic/20260910/complete.json,included_byte_exact,D1_parent_isolated_development,metadata,d157fbeb28ed8c2bb13c37bd5537d92c527be49b2577bebc19550609a72acb64,428,
results/parent_group_pilot_v1/runs/deterministic/20260910/history.json,sources/results/parent_group_pilot_v1/runs/deterministic/20260910/history.json,included_byte_exact,D1_parent_isolated_development,metadata,8672599289d3804c017a54ee4d6ce6f9bdeb1150d8ebbeeefc871c7e8966fbe9,13332,
results/parent_group_pilot_v1/evaluation/deterministic/20260910/conditional_mean_maps.npz,,excluded_without_opening,D1_parent_isolated_development,saved conditional categorical probabilities; no inference,811538e660b6f59d98c74f79d6619e665b04a4716a52985bd30edafa2082f838,,Excluded saved raster/target packet or probability arrays; this pack carries scalar development targets separately.
results/parent_group_pilot_v1/evaluation/deterministic/20260910/predictions_k1.csv,sources/results/parent_group_pilot_v1/evaluation/deterministic/20260910/predictions_k1.csv,included_byte_exact,D1_parent_isolated_development,existing label-free physical-train development-validation predictions,f915512dbdebce54d85bfb812fd96a2ff16b5e4f460f0291fdf093de7755211a,66057,
results/parent_group_pilot_v1/evaluation/deterministic/20260910/maps_k1.json,sources/results/parent_group_pilot_v1/evaluation/deterministic/20260910/maps_k1.json,included_byte_exact,D1_parent_isolated_development,existing per-case hidden-map metrics,de8123e2603f3ea021feb41186575df9b46d468a30fcee5748f670f3eec13d6b,14638,
results/parent_group_pilot_v1/evaluation/deterministic/20260911/report.json,sources/results/parent_group_pilot_v1/evaluation/deterministic/20260911/report.json,included_byte_exact,D1_parent_isolated_development,metadata,370684a42dec88d766b0675ed4a7db84a480ed0eb6d33729de50c0f8a0eb38f0,4449,
results/parent_group_pilot_v1/runs/deterministic/20260911/best.pt,,excluded_without_opening,D1_parent_isolated_development,model checkpoint bytes only; no forward,1d64165d9a6cc5a0104e17962236c75c56e03b976c1d94ce85d8a883d1fbc57d,,Excluded model weights; original recorded hash retained without reading checkpoint bytes.
results/parent_group_pilot_v1/runs/deterministic/20260911/recipe.json,sources/results/parent_group_pilot_v1/runs/deterministic/20260911/recipe.json,included_byte_exact,D1_parent_isolated_development,metadata,3a798f489f74434bfde0dbc551bb8d2df4876590eeb087baadc4756028bcbdb2,1681,
results/parent_group_pilot_v1/runs/deterministic/20260911/complete.json,sources/results/parent_group_pilot_v1/runs/deterministic/20260911/complete.json,included_byte_exact,D1_parent_isolated_development,metadata,50c660c4846ecca17c82bc71be57b68af2f35a09cf9d168218666eda09575d66,425,
results/parent_group_pilot_v1/runs/deterministic/20260911/history.json,sources/results/parent_group_pilot_v1/runs/deterministic/20260911/history.json,included_byte_exact,D1_parent_isolated_development,metadata,aa4fcb580d5c71f53b0497f77959a283558b347677c55e81b6ea99ac1d58eb66,12208,
results/parent_group_pilot_v1/evaluation/deterministic/20260911/conditional_mean_maps.npz,,excluded_without_opening,D1_parent_isolated_development,saved conditional categorical probabilities; no inference,6dfe45eca621b530466b8238a65b25cc6876a27e21b0c59ea7951d47e1fdd6ab,,Excluded saved raster/target packet or probability arrays; this pack carries scalar development targets separately.
results/parent_group_pilot_v1/evaluation/deterministic/20260911/predictions_k1.csv,sources/results/parent_group_pilot_v1/evaluation/deterministic/20260911/predictions_k1.csv,included_byte_exact,D1_parent_isolated_development,existing label-free physical-train development-validation predictions,8c21ed064db50fe5980281464428f92c0b34f7a7e6366d2a52ff8be7579995be,66057,
results/parent_group_pilot_v1/evaluation/deterministic/20260911/maps_k1.json,sources/results/parent_group_pilot_v1/evaluation/deterministic/20260911/maps_k1.json,included_byte_exact,D1_parent_isolated_development,existing per-case hidden-map metrics,ce7ef5674443a86d16992a9f3943c214f7336be96ab9bab25902506da2e2eaa4,14622,
results/parent_group_pilot_v1/evaluation/deterministic/20260912/report.json,sources/results/parent_group_pilot_v1/evaluation/deterministic/20260912/report.json,included_byte_exact,D1_parent_isolated_development,metadata,e091c39ffd707eeb413aecf6e24d2d7b5509e9e51cbde8ef234cc619b64b86d4,4427,
results/parent_group_pilot_v1/runs/deterministic/20260912/best.pt,,excluded_without_opening,D1_parent_isolated_development,model checkpoint bytes only; no forward,1997d665a97f87700361b74436bc653c28cf76d82686460099c10c06b1fa970c,,Excluded model weights; original recorded hash retained without reading checkpoint bytes.
results/parent_group_pilot_v1/runs/deterministic/20260912/recipe.json,sources/results/parent_group_pilot_v1/runs/deterministic/20260912/recipe.json,included_byte_exact,D1_parent_isolated_development,metadata,8fa10a72b65c543e129f06a968ac7a2f181cff56708951020f91968ebee4dffb,1681,
results/parent_group_pilot_v1/runs/deterministic/20260912/complete.json,sources/results/parent_group_pilot_v1/runs/deterministic/20260912/complete.json,included_byte_exact,D1_parent_isolated_development,metadata,0f51d9f19358edbbdc69e2418e802f591887af19d4c4f79f39b9f4a0f8929e4d,427,
results/parent_group_pilot_v1/runs/deterministic/20260912/history.json,sources/results/parent_group_pilot_v1/runs/deterministic/20260912/history.json,included_byte_exact,D1_parent_isolated_development,metadata,3e46c3ba4530081e00324b48af0ee025c41e3f0cd6597e63846155d0b820dec4,13321,
results/parent_group_pilot_v1/evaluation/deterministic/20260912/conditional_mean_maps.npz,,excluded_without_opening,D1_parent_isolated_development,saved conditional categorical probabilities; no inference,b9baac0f09b176d813d20cc49f651d748c657e42d124e84e7817b0ec87ade3d1,,Excluded saved raster/target packet or probability arrays; this pack carries scalar development targets separately.
results/parent_group_pilot_v1/evaluation/deterministic/20260912/predictions_k1.csv,sources/results/parent_group_pilot_v1/evaluation/deterministic/20260912/predictions_k1.csv,included_byte_exact,D1_parent_isolated_development,existing label-free physical-train development-validation predictions,0d7956ddaaa84bc9215033ce4bf2de1ac9b0a2ba84283fc53609d4e2efd4265f,66057,
results/parent_group_pilot_v1/evaluation/deterministic/20260912/maps_k1.json,sources/results/parent_group_pilot_v1/evaluation/deterministic/20260912/maps_k1.json,included_byte_exact,D1_parent_isolated_development,existing per-case hidden-map metrics,52939d0f5982417b43f9022e457bf70d878560075aa0b9e2d5c7630c1ce680b8,14577,
results/parent_group_pilot_v1/evaluation/independent/20260910/report.json,sources/results/parent_group_pilot_v1/evaluation/independent/20260910/report.json,included_byte_exact,D1_parent_isolated_development,metadata,0a9240b7cfdc2fbb1876008592df2f15553a8e98cb16dd210597556aab038e0a,8551,
results/parent_group_pilot_v1/runs/independent/20260910/best.pt,,excluded_without_opening,D1_parent_isolated_development,model checkpoint bytes only; no forward,09c4a74cf19ad41a71b002734d27c11db8c1e62b617396f9e5d396879712692d,,Excluded model weights; original recorded hash retained without reading checkpoint bytes.
results/parent_group_pilot_v1/runs/independent/20260910/recipe.json,sources/results/parent_group_pilot_v1/runs/independent/20260910/recipe.json,included_byte_exact,D1_parent_isolated_development,metadata,2eb57c54387accfa8d53c6f5ccf51b2686d9f8c64f1c3045eb633a5f13ff8ccd,1679,
results/parent_group_pilot_v1/runs/independent/20260910/complete.json,sources/results/parent_group_pilot_v1/runs/independent/20260910/complete.json,included_byte_exact,D1_parent_isolated_development,metadata,a568a9a2807fa4af2fa7693345133c5440d32f6e2bb0eb21f77a5fc1b0821130,424,
results/parent_group_pilot_v1/runs/independent/20260910/history.json,sources/results/parent_group_pilot_v1/runs/independent/20260910/history.json,included_byte_exact,D1_parent_isolated_development,metadata,e562a7006f33b060091a7d7c06da06a19510e7d93c8ffd3e063d5c8348bfe335,15208,
results/parent_group_pilot_v1/evaluation/independent/20260910/conditional_mean_maps.npz,,excluded_without_opening,D1_parent_isolated_development,saved conditional categorical probabilities; no inference,de4679ad2dc756ba0747852d8ef35e4dc6457d83e4bde1921a5188338d696f04,,Excluded saved raster/target packet or probability arrays; this pack carries scalar development targets separately.
results/parent_group_pilot_v1/evaluation/independent/20260910/predictions_k4.csv,sources/results/parent_group_pilot_v1/evaluation/independent/20260910/predictions_k4.csv,included_byte_exact,D1_parent_isolated_development,existing label-free physical-train development-validation predictions,7e2bc88bd6fea1d7b4c17419c0a1b4a028f04044e12dde01620859444debd179,66173,
results/parent_group_pilot_v1/evaluation/independent/20260910/maps_k4.json,sources/results/parent_group_pilot_v1/evaluation/independent/20260910/maps_k4.json,included_byte_exact,D1_parent_isolated_development,existing per-case hidden-map metrics,1ddff148ee10fc8f8dfead148d03480592f13ce8c707721aadde39ad5df37f9a,15235,
results/parent_group_pilot_v1/evaluation/independent/20260910/predictions_k32.csv,sources/results/parent_group_pilot_v1/evaluation/independent/20260910/predictions_k32.csv,included_byte_exact,D1_parent_isolated_development,existing label-free physical-train development-validation predictions,07d7dc4ecd91907957a0ace223f6a5fe5fafafa1d75d0cc20b4fd13260c364f1,67123,
results/parent_group_pilot_v1/evaluation/independent/20260910/maps_k32.json,sources/results/parent_group_pilot_v1/evaluation/independent/20260910/maps_k32.json,included_byte_exact,D1_parent_isolated_development,existing per-case hidden-map metrics,9d47ad7dffbfe01c55f268c7f439f1179382a1421ed8f55b679d0bfdac196a72,15294,
results/parent_group_pilot_v1/evaluation/independent/20260911/report.json,sources/results/parent_group_pilot_v1/evaluation/independent/20260911/report.json,included_byte_exact,D1_parent_isolated_development,metadata,98edb7d6877c88232dfb01064891be99bc6f0eb3fde97144e8a8dc4e00823a31,8564,
results/parent_group_pilot_v1/runs/independent/20260911/best.pt,,excluded_without_opening,D1_parent_isolated_development,model checkpoint bytes only; no forward,8d260723f4b9b6330ffb66086337144dca46b8f39d65d18861917b900014fee1,,Excluded model weights; original recorded hash retained without reading checkpoint bytes.
results/parent_group_pilot_v1/runs/independent/20260911/recipe.json,sources/results/parent_group_pilot_v1/runs/independent/20260911/recipe.json,included_byte_exact,D1_parent_isolated_development,metadata,a7bede180640e16166f465a1ef07c8799fdc9c364bdef261b271428e235ce496,1679,
results/parent_group_pilot_v1/runs/independent/20260911/complete.json,sources/results/parent_group_pilot_v1/runs/independent/20260911/complete.json,included_byte_exact,D1_parent_isolated_development,metadata,ba7165a2771a431dc1494cd0d67fcd77658b2f309c632e5a52c5b08b0220213c,426,
results/parent_group_pilot_v1/runs/independent/20260911/history.json,sources/results/parent_group_pilot_v1/runs/independent/20260911/history.json,included_byte_exact,D1_parent_isolated_development,metadata,f362ea4a0e05badb2411d7809669216f3630238025d716511c0ea9fdd579ca27,13310,
results/parent_group_pilot_v1/evaluation/independent/20260911/conditional_mean_maps.npz,,excluded_without_opening,D1_parent_isolated_development,saved conditional categorical probabilities; no inference,c202423e246430e528e55479db4db339188cdd8ff4dbc73a763bdbbe6e6655a4,,Excluded saved raster/target packet or probability arrays; this pack carries scalar development targets separately.
results/parent_group_pilot_v1/evaluation/independent/20260911/predictions_k4.csv,sources/results/parent_group_pilot_v1/evaluation/independent/20260911/predictions_k4.csv,included_byte_exact,D1_parent_isolated_development,existing label-free physical-train development-validation predictions,17b7bb2386014c850988dfe3e8dcbce3d48105bc96de4bf105f22ce340ea93b7,66184,
results/parent_group_pilot_v1/evaluation/independent/20260911/maps_k4.json,sources/results/parent_group_pilot_v1/evaluation/independent/20260911/maps_k4.json,included_byte_exact,D1_parent_isolated_development,existing per-case hidden-map metrics,8b0424b95b13610537e9a3a9ea3a6a220a7410e9416c222a647a3c33aed23e66,15242,
results/parent_group_pilot_v1/evaluation/independent/20260911/predictions_k32.csv,sources/results/parent_group_pilot_v1/evaluation/independent/20260911/predictions_k32.csv,included_byte_exact,D1_parent_isolated_development,existing label-free physical-train development-validation predictions,c803782fdb2d8a72c90c2fa8bc080701acb5c6ca369e90a662bf39834ffb55cc,67231,
results/parent_group_pilot_v1/evaluation/independent/20260911/maps_k32.json,sources/results/parent_group_pilot_v1/evaluation/independent/20260911/maps_k32.json,included_byte_exact,D1_parent_isolated_development,existing per-case hidden-map metrics,566a52ceed039af0210466b0c6b2f567cc0711daa6e28d7407efbf4c354bf2fd,15289,
results/parent_group_pilot_v1/evaluation/independent/20260912/report.json,sources/results/parent_group_pilot_v1/evaluation/independent/20260912/report.json,included_byte_exact,D1_parent_isolated_development,metadata,6bcc23d71e38ff73211d3d05258cffe370191c46c53f3c2cb0e6e3800aee24c1,8530,
results/parent_group_pilot_v1/runs/independent/20260912/best.pt,,excluded_without_opening,D1_parent_isolated_development,model checkpoint bytes only; no forward,a5db0af9991af7ae45df63c81f2dd487015cf6be43833e472ee64d7a25a91a50,,Excluded model weights; original recorded hash retained without reading checkpoint bytes.
results/parent_group_pilot_v1/runs/independent/20260912/recipe.json,sources/results/parent_group_pilot_v1/runs/independent/20260912/recipe.json,included_byte_exact,D1_parent_isolated_development,metadata,257161fbf8427e3974c750e95ac514660bbf87fbd73d4c702acbbf2ef874f005,1679,
results/parent_group_pilot_v1/runs/independent/20260912/complete.json,sources/results/parent_group_pilot_v1/runs/independent/20260912/complete.json,included_byte_exact,D1_parent_isolated_development,metadata,79aef42fbd67b6ce9cfe137ee3681dc2f479963097e00167da00d5fee0d6dea4,425,
results/parent_group_pilot_v1/runs/independent/20260912/history.json,sources/results/parent_group_pilot_v1/runs/independent/20260912/history.json,included_byte_exact,D1_parent_isolated_development,metadata,3736d5a5172b7d92a8a71d1fae939a21ae66f87c464f04e6bc6a3c1481fe519f,15219,
results/parent_group_pilot_v1/evaluation/independent/20260912/conditional_mean_maps.npz,,excluded_without_opening,D1_parent_isolated_development,saved conditional categorical probabilities; no inference,6759c450625059101231c800bf927ad268f6113eff47bc75f05b4bdcc4e7c426,,Excluded saved raster/target packet or probability arrays; this pack carries scalar development targets separately.
results/parent_group_pilot_v1/evaluation/independent/20260912/predictions_k4.csv,sources/results/parent_group_pilot_v1/evaluation/independent/20260912/predictions_k4.csv,included_byte_exact,D1_parent_isolated_development,existing label-free physical-train development-validation predictions,cf44238d01ec051cb59344ab81341aebb3c28fde72a56263958b0ae020d4712b,66155,
results/parent_group_pilot_v1/evaluation/independent/20260912/maps_k4.json,sources/results/parent_group_pilot_v1/evaluation/independent/20260912/maps_k4.json,included_byte_exact,D1_parent_isolated_development,existing per-case hidden-map metrics,098ba9fd30083b4796540020a3662908cc8d0f0c715c4cf897d8853ef015b0b7,15242,
results/parent_group_pilot_v1/evaluation/independent/20260912/predictions_k32.csv,sources/results/parent_group_pilot_v1/evaluation/independent/20260912/predictions_k32.csv,included_byte_exact,D1_parent_isolated_development,existing label-free physical-train development-validation predictions,f6d64b786cdf7f54b0612c1892ed6b108954124f470637097de4d630d07ee09d,67084,
results/parent_group_pilot_v1/evaluation/independent/20260912/maps_k32.json,sources/results/parent_group_pilot_v1/evaluation/independent/20260912/maps_k32.json,included_byte_exact,D1_parent_isolated_development,existing per-case hidden-map metrics,1e62fa6f91b2cf37b2434c5ebdfdeace9765d0895a4233519fe40b4194c9f21f,15275,
results/parent_group_pilot_v1/evaluation/nearest_observed/rule/report.json,sources/results/parent_group_pilot_v1/evaluation/nearest_observed/rule/report.json,included_byte_exact,D1_parent_isolated_development,metadata,681f8fcfca8322d082c5326886303162676f183f5c096b110180d14a3a870601,4256,
results/parent_group_pilot_v1/evaluation/nearest_observed/rule/predictions_k1.csv,sources/results/parent_group_pilot_v1/evaluation/nearest_observed/rule/predictions_k1.csv,included_byte_exact,D1_parent_isolated_development,existing label-free physical-train development-validation predictions,8f2e2b40fe56aa909cf9d894df586f4f887bfcf2e29a45c99d1d983344578707,66057,
results/parent_group_pilot_v1/evaluation/nearest_observed/rule/maps_k1.json,sources/results/parent_group_pilot_v1/evaluation/nearest_observed/rule/maps_k1.json,included_byte_exact,D1_parent_isolated_development,existing per-case hidden-map metrics,da88c7a6a9b66b34920f1076d54a66b13f476e9ffbe8f340f88a9b7a660a979a,14539,
results/parent_group_pilot_v1/evaluation/train_radius_prior/rule/report.json,sources/results/parent_group_pilot_v1/evaluation/train_radius_prior/rule/report.json,included_byte_exact,D1_parent_isolated_development,metadata,00257086ba894d89b15337d78c6b960225ed0bfbbf5a376c0b75a59693a11b96,4214,
results/parent_group_pilot_v1/evaluation/train_radius_prior/rule/predictions_k1.csv,sources/results/parent_group_pilot_v1/evaluation/train_radius_prior/rule/predictions_k1.csv,included_byte_exact,D1_parent_isolated_development,existing label-free physical-train development-validation predictions,3d1b23eed7e7edce8a79e894b8bcf488366d2413c9b0c5314c76a1951455773f,89747,
results/parent_group_pilot_v1/evaluation/train_radius_prior/rule/maps_k1.json,sources/results/parent_group_pilot_v1/evaluation/train_radius_prior/rule/maps_k1.json,included_byte_exact,D1_parent_isolated_development,existing per-case hidden-map metrics,37517e5f3dc66819f61f5a7bb8ace1921282415f10551d2defa5c3eb0985b570,3,
results/coherent_parent_pilot_v1/evaluation/20260910/report.json,sources/results/coherent_parent_pilot_v1/evaluation/20260910/report.json,included_byte_exact,D2_reused_two_seed_development,metadata,8421d44be8c3781e0fdfa8706824700cd02145710d10e0d300066bbfe17a48e3,9650,
results/coherent_parent_pilot_v1/runs/20260910/best.pt,,excluded_without_opening,D2_reused_two_seed_development,model checkpoint bytes only; no forward,823a6dec9ccf204a91b3e863a0d207b4ce6e8730ec90dfc3662bdeea57e0d4a7,,Excluded model weights; original recorded hash retained without reading checkpoint bytes.
results/coherent_parent_pilot_v1/runs/20260910/recipe.json,sources/results/coherent_parent_pilot_v1/runs/20260910/recipe.json,included_byte_exact,D2_reused_two_seed_development,metadata,44b6d3be1804466b318d3951c52f90d8197e54e7c6b4bc60e033265bf5f99eb4,2241,
results/coherent_parent_pilot_v1/runs/20260910/complete.json,sources/results/coherent_parent_pilot_v1/runs/20260910/complete.json,included_byte_exact,D2_reused_two_seed_development,metadata,313f90d3dff25d4f4a829c47d524516d04e2d7b0d744d1b39c11602b4e7bb491,434,
results/coherent_parent_pilot_v1/runs/20260910/history.json,sources/results/coherent_parent_pilot_v1/runs/20260910/history.json,included_byte_exact,D2_reused_two_seed_development,metadata,f58770b04c669529671ff2649b3961763d486ade01a656f288f910a0b2370909,15416,
results/coherent_parent_pilot_v1/evaluation/20260910/conditional_mean_maps.npz,,excluded_without_opening,D2_reused_two_seed_development,saved conditional categorical probabilities; no inference,9f22d9a49e16f0d64eedaf6db9970a9fa4ac7abcd14fee169da9729a20c1677c,,Excluded saved raster/target packet or probability arrays; this pack carries scalar development targets separately.
results/coherent_parent_pilot_v1/evaluation/20260910/predictions_k4.csv,sources/results/coherent_parent_pilot_v1/evaluation/20260910/predictions_k4.csv,included_byte_exact,D2_reused_two_seed_development,existing label-free physical-train development-validation predictions,ece3166721c6177af8cfa2280c6c53a003de5df6020d8f2dc990dc0dcfddea97,66212,
results/coherent_parent_pilot_v1/evaluation/20260910/maps_k4.json,sources/results/coherent_parent_pilot_v1/evaluation/20260910/maps_k4.json,included_byte_exact,D2_reused_two_seed_development,existing per-case hidden-map metrics,ed834fc4d34dbee247296be655f11ec37937cbde49988d65c68cc266c2d764ca,13984,
results/coherent_parent_pilot_v1/evaluation/20260910/predictions_k32.csv,sources/results/coherent_parent_pilot_v1/evaluation/20260910/predictions_k32.csv,included_byte_exact,D2_reused_two_seed_development,existing label-free physical-train development-validation predictions,5807c8f77607ce72f7429c5e992b2c798f083d03f577d84ee8ec1d84700c9c87,67546,
results/coherent_parent_pilot_v1/evaluation/20260910/maps_k32.json,sources/results/coherent_parent_pilot_v1/evaluation/20260910/maps_k32.json,included_byte_exact,D2_reused_two_seed_development,existing per-case hidden-map metrics,1fa967c11126d77964d5c6113b42f828e025db2924dac0399b5f9334c81cc0c9,14036,
results/coherent_parent_pilot_v1/evaluation/20260911/report.json,sources/results/coherent_parent_pilot_v1/evaluation/20260911/report.json,included_byte_exact,D2_reused_two_seed_development,metadata,4df563ba9daa5aa68c3c554e2f0366e439eb1a3777a3155a205111d81ea7f157,9611,
results/coherent_parent_pilot_v1/runs/20260911/best.pt,,excluded_without_opening,D2_reused_two_seed_development,model checkpoint bytes only; no forward,c49dcbe8ecdd7b39b0f26070664e3f6fcea3c424337bd4c581b05a2714500782,,Excluded model weights; original recorded hash retained without reading checkpoint bytes.
results/coherent_parent_pilot_v1/runs/20260911/recipe.json,sources/results/coherent_parent_pilot_v1/runs/20260911/recipe.json,included_byte_exact,D2_reused_two_seed_development,metadata,c15a68831d88ad2b093bee0f9c88655cffd9fe40539bbe48f7c47115350c2a4c,2241,
results/coherent_parent_pilot_v1/runs/20260911/complete.json,sources/results/coherent_parent_pilot_v1/runs/20260911/complete.json,included_byte_exact,D2_reused_two_seed_development,metadata,1939c164dfae2fbf01d902b23f2e882695ef5fb6a11d0fcaf7a5dffc192a4e15,432,
results/coherent_parent_pilot_v1/runs/20260911/history.json,sources/results/coherent_parent_pilot_v1/runs/20260911/history.json,included_byte_exact,D2_reused_two_seed_development,metadata,783621aaddc9a6f514bc2a87633caff9253c7f0274d6796088537236b4f997b2,14762,
results/coherent_parent_pilot_v1/evaluation/20260911/conditional_mean_maps.npz,,excluded_without_opening,D2_reused_two_seed_development,saved conditional categorical probabilities; no inference,a69a96f7d235cee7cd989794c676fd860a9b7494f7676ab3ed9d86403b051d77,,Excluded saved raster/target packet or probability arrays; this pack carries scalar development targets separately.
results/coherent_parent_pilot_v1/evaluation/20260911/predictions_k4.csv,sources/results/coherent_parent_pilot_v1/evaluation/20260911/predictions_k4.csv,included_byte_exact,D2_reused_two_seed_development,existing label-free physical-train development-validation predictions,56f2b77b13e8c5dcb9d4e9efd04be67d5c02613f4e551dedf3fd9a7b8417aa99,66223,
results/coherent_parent_pilot_v1/evaluation/20260911/maps_k4.json,sources/results/coherent_parent_pilot_v1/evaluation/20260911/maps_k4.json,included_byte_exact,D2_reused_two_seed_development,existing per-case hidden-map metrics,18f8ee6075176b4780e333571c564ff520acd16227d13813efe9835e37607166,13961,
results/coherent_parent_pilot_v1/evaluation/20260911/predictions_k32.csv,sources/results/coherent_parent_pilot_v1/evaluation/20260911/predictions_k32.csv,included_byte_exact,D2_reused_two_seed_development,existing label-free physical-train development-validation predictions,57271fd2bcd25ab934dbfc42ae12c36e5fba91d25e383300f5ab820e59b1ff6d,67584,
results/coherent_parent_pilot_v1/evaluation/20260911/maps_k32.json,sources/results/coherent_parent_pilot_v1/evaluation/20260911/maps_k32.json,included_byte_exact,D2_reused_two_seed_development,existing per-case hidden-map metrics,495f67ff653bad336585b9de900fc6dbca7d5d6be9b43a8fb726164a9845e4ad,14022,
results/paper_clean_analysis_v1/report.json,sources/results/paper_clean_analysis_v1/report.json,included_byte_exact,H1_historical_overlap_diagnostic,metadata,29ca7640437695dbb432c256dc6a0ab0f176ddfb108c17bd8723e17a223e9de3,260625,
site/data/flatlands_clean_training_ablations.json,sources/site/data/flatlands_clean_training_ablations.json,included_byte_exact,H1_historical_overlap_diagnostic,metadata,d54ade10698106c1b36b11fd73fb3f90ac1da1c70b1b8ab780d0e6c687f2daab,343516,
results/paper_clean_marginal_shuffle_v1/seed20260831/run.json,sources/results/paper_clean_marginal_shuffle_v1/seed20260831/run.json,included_byte_exact,M1_historical_fixed_marginal_mechanism,metadata,222d4577c5e327c6340a9c9b336b2bae720ed3d7f575d01ab2fe6d73a44a31c8,4411,
results/p1_flatlands_conpath_k128_support_clamped_v1/seed20260831_conpath/run.json,sources/results/p1_flatlands_conpath_k128_support_clamped_v1/seed20260831_conpath/run.json,included_byte_exact,H1_historical_overlap_diagnostic,metadata,3395c4e85bd8fffc11cba0418af61bf898f6ac662eecbe06cd1f0ba31d78fdd3,190686,
results/paper_clean_marginal_shuffle_v1/seed20260901/run.json,sources/results/paper_clean_marginal_shuffle_v1/seed20260901/run.json,included_byte_exact,M1_historical_fixed_marginal_mechanism,metadata,e81381740c0823d5ac88f29d8f620decb67ea2d3d5dfe758dba7140461790b34,4414,
results/p1_flatlands_conpath_k128_support_clamped_v1/seed20260901_conpath/run.json,sources/results/p1_flatlands_conpath_k128_support_clamped_v1/seed20260901_conpath/run.json,included_byte_exact,H1_historical_overlap_diagnostic,metadata,056e99bc40fc24a554acb93d2451e63392b896a891bc5d882934f0bde435d866,189887,
results/paper_clean_marginal_shuffle_v1/seed20260902/run.json,sources/results/paper_clean_marginal_shuffle_v1/seed20260902/run.json,included_byte_exact,M1_historical_fixed_marginal_mechanism,metadata,912cc3a39ccc29c4e9669aab6fc661227a1678c028af86a6278f07b8db14bcfc,4409,
results/p1_flatlands_conpath_k128_support_clamped_v1/seed20260902_conpath/run.json,sources/results/p1_flatlands_conpath_k128_support_clamped_v1/seed20260902_conpath/run.json,included_byte_exact,H1_historical_overlap_diagnostic,metadata,926f809a46f911a5f557b88186fb431c7f401a567a55bcb1f3a940aaebaa9b7c,186067,
results/p0_neural_cuda_contextplane_v4/report.json,sources/results/p0_neural_cuda_contextplane_v4/report.json,included_byte_exact,S1_synthetic_mechanism,metadata,1c69e30fb6f23b89d0276d09f15b631727be4506a837fe7d24b29a85657d1a11,7899,
results/p0_neural_cuda_contextplane_v4/checkpoint.pt,,excluded_without_opening,S1_synthetic_mechanism,historical synthetic checkpoint bytes only,1ef83ea366f09b1f3dbffff7dcc5065472e4081d0bfb52fcc14fcefa69c031f4,,Excluded model weights; original recorded hash retained without reading checkpoint bytes.
results/p0_neural_cuda_contextplane_seed20260828_v4/report.json,sources/results/p0_neural_cuda_contextplane_seed20260828_v4/report.json,included_byte_exact,S1_synthetic_mechanism,metadata,46ac08329182a19576218ce1bfd06a46477bc36d5033a471bf95b8a89d48473f,7946,
results/p0_neural_cuda_contextplane_seed20260828_v4/checkpoint.pt,,excluded_without_opening,S1_synthetic_mechanism,historical synthetic checkpoint bytes only,0463e1f5da6e860e0093adfeb8387b480ac959fd83e30c59023f1bcdcbcf4b70,,Excluded model weights; original recorded hash retained without reading checkpoint bytes.
results/p0_neural_cuda_contextplane_noreach_v4/report.json,sources/results/p0_neural_cuda_contextplane_noreach_v4/report.json,included_byte_exact,S1_synthetic_mechanism,metadata,317ee4db452514c392cba1753c365b9f62f804f6b4e5ca6e2072b70c7ee3dd80,7923,
results/p0_neural_cuda_contextplane_noreach_v4/checkpoint.pt,,excluded_without_opening,S1_synthetic_mechanism,historical synthetic checkpoint bytes only,a78ceafd9ad3cdded9358dcd8090b41dea9bf807f11f52384f86769dbc8b810e,,Excluded model weights; original recorded hash retained without reading checkpoint bytes.
site/data/flatlands_read_scope_erratum.json,sources/site/data/flatlands_read_scope_erratum.json,included_byte_exact,H1_historical_overlap_diagnostic,metadata,9a925babdb1246c73c51bf2d01c861608975b69bc7ad4bbc7678470c40a9400a,9630,
site/data/flatlands_parent_group_audit.json,sources/site/data/flatlands_parent_group_audit.json,included_byte_exact,H1_historical_overlap_diagnostic,metadata,e5ceef15180c10d36d8cd38c6b321b9d0cce01836f6f80b4faab1358609c08ec,12495,
src/pathrel/flatlands_eval.py,sources/src/pathrel/flatlands_eval.py,included_byte_exact,frozen_implementation_reference_only,metric/data/estimator source inspected; not executed for model inference,36ac92da7c4c64fcdf192cdf4e0e64f6b242b63cb9e1035259257153784f331a,23187,
src/pathrel/metrics.py,sources/src/pathrel/metrics.py,included_byte_exact,frozen_implementation_reference_only,metric/data/estimator source inspected; not executed for model inference,5202e8de1b6ce8f3577088fd0056a274e54e0340240b3fd5a7ccc52f846f1ea6,4296,
src/pathrel/parent_pilot_data.py,sources/src/pathrel/parent_pilot_data.py,included_byte_exact,frozen_implementation_reference_only,metric/data/estimator source inspected; not executed for model inference,119037a5924fecb2fcfb17b7fc86316b58e4b4d3b872e142a251e31ce1ec4475,4537,
src/pathrel/benchmark_metrics.py,sources/src/pathrel/benchmark_metrics.py,included_byte_exact,frozen_implementation_reference_only,metric/data/estimator source inspected; not executed for model inference,8a14bd3ded960c37f6d47536315d8ccc8d4dddb5bd804b176566dd26a02d0a48,2718,
scripts/evaluate_parent_group_pilot.py,sources/scripts/evaluate_parent_group_pilot.py,included_byte_exact,D1_parent_isolated_development,metric/data/estimator source inspected; not executed for model inference,78841c3148fcb65e7c2d897cc820dfbb4e389c33c199a1193d80c8330183ca4c,12672,
scripts/train_parent_group_pilot.py,sources/scripts/train_parent_group_pilot.py,included_byte_exact,D1_parent_isolated_development,metric/data/estimator source inspected; not executed for model inference,f902238f6fb242a5630fb6d6e0347812c46e34eb64e0737b469a019454bd1dc2,13983,
scripts/evaluate_coherent_parent_pilot.py,sources/scripts/evaluate_coherent_parent_pilot.py,included_byte_exact,D2_reused_two_seed_development,metric/data/estimator source inspected; not executed for model inference,2b134b4ae4b7dddc7cfe422c10fa02acd933baa9180a3861d8001d08afdc9c2f,10642,
scripts/diagnose_parent_pilot.py,sources/scripts/diagnose_parent_pilot.py,included_byte_exact,frozen_implementation_reference_only,saved posthoc diagnostic implementation; not re-executed,f9663663129d5eebb391174aba045b9be9278c5bdfb1daf91a9d676b18bf9be2,7711,
results/parent_group_pilot_v1/diagnostics/report.json,sources/results/parent_group_pilot_v1/diagnostics/report.json,included_byte_exact,D1_parent_isolated_development,metadata,5da858eaae25681f6f8c1428393e8612bfb35161ecc7391dad806fb132375363,134660,
results/paper_validation_snapshot.json,sources/results/paper_validation_snapshot.json,included_byte_exact,cross_cohort_paper_document,frozen paper document or scalar table source,8a3b81ef1f01dec72e57f92d7c02d39ed0e3697e12389143a755a836cc4bbc32,1330677,
results/paper_validation_snapshot.csv,sources/results/paper_validation_snapshot.csv,included_byte_exact,cross_cohort_paper_document,frozen paper document or scalar table source,a6ea41fe2a6fce10af290dc401a526b1b25fc6bd6ac0a0a8c41d2a19d9981475,22551,
PAPER_EVIDENCE.md,sources/PAPER_EVIDENCE.md,included_byte_exact,cross_cohort_paper_document,frozen paper document or scalar table source,e3a2902c975118b98d01e3c97fe18ffd8f088c666be6158b68a9e91d1844ffef,24034,
PAPER_TABLES.md,sources/PAPER_TABLES.md,included_byte_exact,cross_cohort_paper_document,paper document frozen after current author revision,ce27b09ccfde86f8628217a8225f405e35195c29de52d5658c5c5d317debf2bd,13268,
PAPER_FIGURES.md,sources/PAPER_FIGURES.md,included_byte_exact,cross_cohort_paper_document,frozen paper document or scalar table source,6c581f265671053b2f876f1a96fbab60a396a287a5fbc77f17f5ec519d965ba1,15756,
results/FINAL_MODEL_SELECTION.md,sources/results/FINAL_MODEL_SELECTION.md,included_byte_exact,cross_cohort_paper_document,frozen paper document or scalar table source,46b793949eafaf1e2b01e79a8401ada02d7270a918427c989d051d46c7a3209f,12520,
results/paper_clean_ablation_matrix_v1/analysis/report.json,sources/results/paper_clean_ablation_matrix_v1/analysis/report.json,included_byte_exact,H1_historical_overlap_diagnostic,frozen paper document or scalar table source,d54ade10698106c1b36b11fd73fb3f90ac1da1c70b1b8ab780d0e6c687f2daab,343516,
results/paper_submission_v1/analysis/targets.csv,sources/results/paper_submission_v1/analysis/targets.csv,included_byte_exact,D1_D2_physical_train_development_scalar_export,existing scalar development export and bound receipt/source,9f0115ff98be603576d3263cd1cb555f6d40b30553e892de7116fb4952b4e48d,75198,
results/paper_submission_v1/analysis/export_saved_targets.py,sources/results/paper_submission_v1/analysis/export_saved_targets.py,included_byte_exact,D1_D2_physical_train_development_scalar_export,existing scalar development export and bound receipt/source,e92725fd872f8bf640936bede2298826fb48e70dab3aa1295ed7ce533c15a984,5462,
results/paper_submission_v1/analysis/target_export_receipt.json,sources/results/paper_submission_v1/analysis/target_export_receipt.json,included_byte_exact,D1_D2_physical_train_development_scalar_export,existing scalar development export and bound receipt/source,58c4d382e5c2e0e39fd33bb2e6b8559058319abd9c20089352916f4db8659c8b,15003,
results/paper_submission_v1/analysis/development_metrics_by_seed_and_stratum.csv,sources/results/paper_submission_v1/analysis/development_metrics_by_seed_and_stratum.csv,included_byte_exact,D1_D2_physical_train_development_scalar_export,existing scalar development export and bound receipt/source,bfc41cfca0999a6190e39976b75afcc93798e3e3a426b97950818ade59b810cd,132604,
results/paper_submission_v1/analysis/primary_three_seed_strata.csv,sources/results/paper_submission_v1/analysis/primary_three_seed_strata.csv,included_byte_exact,D1_D2_physical_train_development_scalar_export,existing scalar development export and bound receipt/source,e4e00dc51b57d6fddba1854df1810a9312f44dbdc06f654b997d4c6067856238,15480,
results/paper_submission_v1/analysis/export_metric_views.py,sources/results/paper_submission_v1/analysis/export_metric_views.py,included_byte_exact,D1_D2_physical_train_development_scalar_export,existing scalar development export and bound receipt/source,accc627c36681b0ebc19ab57366aa642fabf05c38f8331de6cff7c44d69940f1,5591,
results/paper_submission_v1/analysis/metric_view_receipt.json,sources/results/paper_submission_v1/analysis/metric_view_receipt.json,included_byte_exact,D1_D2_physical_train_development_scalar_export,existing scalar development export and bound receipt/source,41dcb883f6e8df53a87232c7ff415f1640693c0efdeb252273678d9629a87d45,1117,
PAPER_DRAFT.md,sources/PAPER_DRAFT.md,included_byte_exact,cross_cohort_paper_document,paper document frozen after current author revision,a59c6cc74f255bbc7b54217c2f4c1dc666deb70e8820cdfef9ac7afd2af2111a,44575,
PAPER_READING_ZH.md,sources/PAPER_READING_ZH.md,included_byte_exact,cross_cohort_paper_document,paper document frozen after current author revision,fd322df2077f681faeef478e250fb8d80e9130ee0d92505a1d239e7cc42a0d55,6332,
