variant,label_zh,seed,brier,nll,ece,risk_at_30_percent,prediction_sha256
conpath,完整 ConPath,20260831,0.059479796640678484,0.3039193041613506,0.04942857493605275,0.02795315456471419,50c94f29c7461988ff4467cfca9d9ae5e604e4543ad60604d82337d6dc378a0d
conpath,完整 ConPath,20260901,0.06521658182607205,0.2709072468281362,0.06237502403236683,0.03303571639321432,a0e20ff31c14b5b7ee34a3ba3b186e9feca4633b0a9195753c970f0e109d33bb
conpath,完整 ConPath,20260902,0.0777842925106404,0.29078037095176756,0.059650413934631004,0.04700213159482369,812b11067c844793b15e25f77e29ca4339026f96f3b5a37d619b26360e5106c3
no_event,去掉事件训练损失,20260831,0.20224637275722715,2.5117243666016273,0.2006829233618171,0.05456413261577582,44a17544279cde1f1cfaecfc8d86c88390e972b6016e5ddcb4dc0d83f67a9258
no_event,去掉事件训练损失,20260901,0.2079605543969138,2.485570221445057,0.23828495378446937,0.06309681016253789,eed361a1a20da1726cca43f026693d5ca9cbd94e33dd05d2529cff42f30ff96d
no_event,去掉事件训练损失,20260902,0.20253869084979698,2.5947143193591673,0.21172464575971187,0.05197756234866398,bb2b60d2f20431ffbf020afda10f876a20dfa4f3c21ff81066ee3d42682dfce8
no_global,去掉解码器全局因子,20260831,0.09390563178014383,0.7601384889351517,0.0859849997457162,0.053300269983077936,801196106d6b6b9b49fa88d298c61bc7c979f58b88459b1b254c4cde98005f3d
no_global,去掉解码器全局因子,20260901,0.09678961270612849,0.8478296778642166,0.08531118689054346,0.029092163401651366,db5ce91057aa45589093d47229c915e1f3c8939b004d145025acde0b70986958
no_global,去掉解码器全局因子,20260902,0.09426939814443253,0.7466185175200537,0.08645747110316887,0.04623645654551696,3245b710676c2a0bbfd3604047cd9d101677897950f16b9a20fd5c5daaae6732
