global_id,parent_group,source_dataset,candidate_index,radius_cells,target
obs_007792,3RScan:ab835fae-54c6-29a1-995e-b06cfc555786,3RScan,0,0,0
obs_007792,3RScan:ab835fae-54c6-29a1-995e-b06cfc555786,3RScan,0,10,0
obs_007792,3RScan:ab835fae-54c6-29a1-995e-b06cfc555786,3RScan,0,20,0
obs_007792,3RScan:ab835fae-54c6-29a1-995e-b06cfc555786,3RScan,23,0,1
obs_007792,3RScan:ab835fae-54c6-29a1-995e-b06cfc555786,3RScan,23,10,0
obs_007792,3RScan:ab835fae-54c6-29a1-995e-b06cfc555786,3RScan,23,20,0
obs_007792,3RScan:ab835fae-54c6-29a1-995e-b06cfc555786,3RScan,11,0,1
obs_007792,3RScan:ab835fae-54c6-29a1-995e-b06cfc555786,3RScan,11,10,0
obs_007792,3RScan:ab835fae-54c6-29a1-995e-b06cfc555786,3RScan,11,20,0
obs_007792,3RScan:ab835fae-54c6-29a1-995e-b06cfc555786,3RScan,24,0,0
obs_007792,3RScan:ab835fae-54c6-29a1-995e-b06cfc555786,3RScan,24,10,0
obs_007792,3RScan:ab835fae-54c6-29a1-995e-b06cfc555786,3RScan,24,20,0
obs_007792,3RScan:ab835fae-54c6-29a1-995e-b06cfc555786,3RScan,35,0,1
obs_007792,3RScan:ab835fae-54c6-29a1-995e-b06cfc555786,3RScan,35,10,0
obs_007792,3RScan:ab835fae-54c6-29a1-995e-b06cfc555786,3RScan,35,20,0
obs_014028,3RScan:7747a50a-9431-24e8-85c6-3488c128ac26,3RScan,24,0,1
obs_014028,3RScan:7747a50a-9431-24e8-85c6-3488c128ac26,3RScan,24,10,0
obs_014028,3RScan:7747a50a-9431-24e8-85c6-3488c128ac26,3RScan,24,20,0
obs_014028,3RScan:7747a50a-9431-24e8-85c6-3488c128ac26,3RScan,12,0,1
obs_014028,3RScan:7747a50a-9431-24e8-85c6-3488c128ac26,3RScan,12,10,1
obs_014028,3RScan:7747a50a-9431-24e8-85c6-3488c128ac26,3RScan,12,20,0
obs_014028,3RScan:7747a50a-9431-24e8-85c6-3488c128ac26,3RScan,17,0,1
obs_014028,3RScan:7747a50a-9431-24e8-85c6-3488c128ac26,3RScan,17,10,1
obs_014028,3RScan:7747a50a-9431-24e8-85c6-3488c128ac26,3RScan,17,20,0
obs_014028,3RScan:7747a50a-9431-24e8-85c6-3488c128ac26,3RScan,6,0,1
obs_014028,3RScan:7747a50a-9431-24e8-85c6-3488c128ac26,3RScan,6,10,1
obs_014028,3RScan:7747a50a-9431-24e8-85c6-3488c128ac26,3RScan,6,20,0
obs_014028,3RScan:7747a50a-9431-24e8-85c6-3488c128ac26,3RScan,4,0,1
obs_014028,3RScan:7747a50a-9431-24e8-85c6-3488c128ac26,3RScan,4,10,0
obs_014028,3RScan:7747a50a-9431-24e8-85c6-3488c128ac26,3RScan,4,20,0
obs_014028,3RScan:7747a50a-9431-24e8-85c6-3488c128ac26,3RScan,1,0,1
obs_014028,3RScan:7747a50a-9431-24e8-85c6-3488c128ac26,3RScan,1,10,1
obs_014028,3RScan:7747a50a-9431-24e8-85c6-3488c128ac26,3RScan,1,20,0
obs_014028,3RScan:7747a50a-9431-24e8-85c6-3488c128ac26,3RScan,13,0,0
obs_014028,3RScan:7747a50a-9431-24e8-85c6-3488c128ac26,3RScan,13,10,0
obs_014028,3RScan:7747a50a-9431-24e8-85c6-3488c128ac26,3RScan,13,20,0
obs_014028,3RScan:7747a50a-9431-24e8-85c6-3488c128ac26,3RScan,5,0,1
obs_014028,3RScan:7747a50a-9431-24e8-85c6-3488c128ac26,3RScan,5,10,1
obs_014028,3RScan:7747a50a-9431-24e8-85c6-3488c128ac26,3RScan,5,20,0
obs_014028,3RScan:7747a50a-9431-24e8-85c6-3488c128ac26,3RScan,2,0,1
obs_014028,3RScan:7747a50a-9431-24e8-85c6-3488c128ac26,3RScan,2,10,0
obs_014028,3RScan:7747a50a-9431-24e8-85c6-3488c128ac26,3RScan,2,20,0
obs_014028,3RScan:7747a50a-9431-24e8-85c6-3488c128ac26,3RScan,18,0,1
obs_014028,3RScan:7747a50a-9431-24e8-85c6-3488c128ac26,3RScan,18,10,0
obs_014028,3RScan:7747a50a-9431-24e8-85c6-3488c128ac26,3RScan,18,20,0
obs_014028,3RScan:7747a50a-9431-24e8-85c6-3488c128ac26,3RScan,19,0,1
obs_014028,3RScan:7747a50a-9431-24e8-85c6-3488c128ac26,3RScan,19,10,1
obs_014028,3RScan:7747a50a-9431-24e8-85c6-3488c128ac26,3RScan,19,20,0
obs_014028,3RScan:7747a50a-9431-24e8-85c6-3488c128ac26,3RScan,7,0,1
obs_014028,3RScan:7747a50a-9431-24e8-85c6-3488c128ac26,3RScan,7,10,0
obs_014028,3RScan:7747a50a-9431-24e8-85c6-3488c128ac26,3RScan,7,20,0
obs_014028,3RScan:7747a50a-9431-24e8-85c6-3488c128ac26,3RScan,29,0,1
obs_014028,3RScan:7747a50a-9431-24e8-85c6-3488c128ac26,3RScan,29,10,0
obs_014028,3RScan:7747a50a-9431-24e8-85c6-3488c128ac26,3RScan,29,20,0
obs_014028,3RScan:7747a50a-9431-24e8-85c6-3488c128ac26,3RScan,3,0,1
obs_014028,3RScan:7747a50a-9431-24e8-85c6-3488c128ac26,3RScan,3,10,0
obs_014028,3RScan:7747a50a-9431-24e8-85c6-3488c128ac26,3RScan,3,20,0
obs_003677,3RScan:095821f7-e2c2-2de1-9568-b9ce59920e29,3RScan,17,0,0
obs_003677,3RScan:095821f7-e2c2-2de1-9568-b9ce59920e29,3RScan,17,10,0
obs_003677,3RScan:095821f7-e2c2-2de1-9568-b9ce59920e29,3RScan,17,20,0
obs_003677,3RScan:095821f7-e2c2-2de1-9568-b9ce59920e29,3RScan,23,0,0
obs_003677,3RScan:095821f7-e2c2-2de1-9568-b9ce59920e29,3RScan,23,10,0
obs_003677,3RScan:095821f7-e2c2-2de1-9568-b9ce59920e29,3RScan,23,20,0
obs_003677,3RScan:095821f7-e2c2-2de1-9568-b9ce59920e29,3RScan,19,0,0
obs_003677,3RScan:095821f7-e2c2-2de1-9568-b9ce59920e29,3RScan,19,10,0
obs_003677,3RScan:095821f7-e2c2-2de1-9568-b9ce59920e29,3RScan,19,20,0
obs_003677,3RScan:095821f7-e2c2-2de1-9568-b9ce59920e29,3RScan,25,0,0
obs_003677,3RScan:095821f7-e2c2-2de1-9568-b9ce59920e29,3RScan,25,10,0
obs_003677,3RScan:095821f7-e2c2-2de1-9568-b9ce59920e29,3RScan,25,20,0
obs_003677,3RScan:095821f7-e2c2-2de1-9568-b9ce59920e29,3RScan,3,0,0
obs_003677,3RScan:095821f7-e2c2-2de1-9568-b9ce59920e29,3RScan,3,10,0
obs_003677,3RScan:095821f7-e2c2-2de1-9568-b9ce59920e29,3RScan,3,20,0
obs_003677,3RScan:095821f7-e2c2-2de1-9568-b9ce59920e29,3RScan,10,0,1
obs_003677,3RScan:095821f7-e2c2-2de1-9568-b9ce59920e29,3RScan,10,10,0
obs_003677,3RScan:095821f7-e2c2-2de1-9568-b9ce59920e29,3RScan,10,20,0
obs_003677,3RScan:095821f7-e2c2-2de1-9568-b9ce59920e29,3RScan,4,0,0
obs_003677,3RScan:095821f7-e2c2-2de1-9568-b9ce59920e29,3RScan,4,10,0
obs_003677,3RScan:095821f7-e2c2-2de1-9568-b9ce59920e29,3RScan,4,20,0
obs_003677,3RScan:095821f7-e2c2-2de1-9568-b9ce59920e29,3RScan,11,0,0
obs_003677,3RScan:095821f7-e2c2-2de1-9568-b9ce59920e29,3RScan,11,10,0
obs_003677,3RScan:095821f7-e2c2-2de1-9568-b9ce59920e29,3RScan,11,20,0
obs_003677,3RScan:095821f7-e2c2-2de1-9568-b9ce59920e29,3RScan,12,0,0
obs_003677,3RScan:095821f7-e2c2-2de1-9568-b9ce59920e29,3RScan,12,10,0
obs_003677,3RScan:095821f7-e2c2-2de1-9568-b9ce59920e29,3RScan,12,20,0
obs_003677,3RScan:095821f7-e2c2-2de1-9568-b9ce59920e29,3RScan,13,0,0
obs_003677,3RScan:095821f7-e2c2-2de1-9568-b9ce59920e29,3RScan,13,10,0
obs_003677,3RScan:095821f7-e2c2-2de1-9568-b9ce59920e29,3RScan,13,20,0
obs_003677,3RScan:095821f7-e2c2-2de1-9568-b9ce59920e29,3RScan,0,0,0
obs_003677,3RScan:095821f7-e2c2-2de1-9568-b9ce59920e29,3RScan,0,10,0
obs_003677,3RScan:095821f7-e2c2-2de1-9568-b9ce59920e29,3RScan,0,20,0
obs_003677,3RScan:095821f7-e2c2-2de1-9568-b9ce59920e29,3RScan,5,0,0
obs_003677,3RScan:095821f7-e2c2-2de1-9568-b9ce59920e29,3RScan,5,10,0
obs_003677,3RScan:095821f7-e2c2-2de1-9568-b9ce59920e29,3RScan,5,20,0
obs_003677,3RScan:095821f7-e2c2-2de1-9568-b9ce59920e29,3RScan,1,0,0
obs_003677,3RScan:095821f7-e2c2-2de1-9568-b9ce59920e29,3RScan,1,10,0
obs_003677,3RScan:095821f7-e2c2-2de1-9568-b9ce59920e29,3RScan,1,20,0
obs_003677,3RScan:095821f7-e2c2-2de1-9568-b9ce59920e29,3RScan,30,0,0
obs_003677,3RScan:095821f7-e2c2-2de1-9568-b9ce59920e29,3RScan,30,10,0
obs_003677,3RScan:095821f7-e2c2-2de1-9568-b9ce59920e29,3RScan,30,20,0
obs_003677,3RScan:095821f7-e2c2-2de1-9568-b9ce59920e29,3RScan,31,0,0
obs_003677,3RScan:095821f7-e2c2-2de1-9568-b9ce59920e29,3RScan,31,10,0
obs_003677,3RScan:095821f7-e2c2-2de1-9568-b9ce59920e29,3RScan,31,20,0
obs_003677,3RScan:095821f7-e2c2-2de1-9568-b9ce59920e29,3RScan,18,0,0
obs_003677,3RScan:095821f7-e2c2-2de1-9568-b9ce59920e29,3RScan,18,10,0
obs_003677,3RScan:095821f7-e2c2-2de1-9568-b9ce59920e29,3RScan,18,20,0
obs_003677,3RScan:095821f7-e2c2-2de1-9568-b9ce59920e29,3RScan,29,0,0
obs_003677,3RScan:095821f7-e2c2-2de1-9568-b9ce59920e29,3RScan,29,10,0
obs_003677,3RScan:095821f7-e2c2-2de1-9568-b9ce59920e29,3RScan,29,20,0
obs_003677,3RScan:095821f7-e2c2-2de1-9568-b9ce59920e29,3RScan,6,0,0
obs_003677,3RScan:095821f7-e2c2-2de1-9568-b9ce59920e29,3RScan,6,10,0
obs_003677,3RScan:095821f7-e2c2-2de1-9568-b9ce59920e29,3RScan,6,20,0
obs_003677,3RScan:095821f7-e2c2-2de1-9568-b9ce59920e29,3RScan,2,0,0
obs_003677,3RScan:095821f7-e2c2-2de1-9568-b9ce59920e29,3RScan,2,10,0
obs_003677,3RScan:095821f7-e2c2-2de1-9568-b9ce59920e29,3RScan,2,20,0
obs_003677,3RScan:095821f7-e2c2-2de1-9568-b9ce59920e29,3RScan,7,0,0
obs_003677,3RScan:095821f7-e2c2-2de1-9568-b9ce59920e29,3RScan,7,10,0
obs_003677,3RScan:095821f7-e2c2-2de1-9568-b9ce59920e29,3RScan,7,20,0
obs_013470,3RScan:d63767be-3205-226c-9a89-3a27969053a7,3RScan,12,0,0
obs_013470,3RScan:d63767be-3205-226c-9a89-3a27969053a7,3RScan,12,10,0
obs_013470,3RScan:d63767be-3205-226c-9a89-3a27969053a7,3RScan,12,20,0
obs_013470,3RScan:d63767be-3205-226c-9a89-3a27969053a7,3RScan,25,0,0
obs_013470,3RScan:d63767be-3205-226c-9a89-3a27969053a7,3RScan,25,10,0
obs_013470,3RScan:d63767be-3205-226c-9a89-3a27969053a7,3RScan,25,20,0
obs_013470,3RScan:d63767be-3205-226c-9a89-3a27969053a7,3RScan,0,0,0
obs_013470,3RScan:d63767be-3205-226c-9a89-3a27969053a7,3RScan,0,10,0
obs_013470,3RScan:d63767be-3205-226c-9a89-3a27969053a7,3RScan,0,20,0
obs_013470,3RScan:d63767be-3205-226c-9a89-3a27969053a7,3RScan,11,0,1
obs_013470,3RScan:d63767be-3205-226c-9a89-3a27969053a7,3RScan,11,10,0
obs_013470,3RScan:d63767be-3205-226c-9a89-3a27969053a7,3RScan,11,20,0
obs_013470,3RScan:d63767be-3205-226c-9a89-3a27969053a7,3RScan,5,0,0
obs_013470,3RScan:d63767be-3205-226c-9a89-3a27969053a7,3RScan,5,10,0
obs_013470,3RScan:d63767be-3205-226c-9a89-3a27969053a7,3RScan,5,20,0
obs_013470,3RScan:d63767be-3205-226c-9a89-3a27969053a7,3RScan,3,0,0
obs_013470,3RScan:d63767be-3205-226c-9a89-3a27969053a7,3RScan,3,10,0
obs_013470,3RScan:d63767be-3205-226c-9a89-3a27969053a7,3RScan,3,20,0
obs_013470,3RScan:d63767be-3205-226c-9a89-3a27969053a7,3RScan,6,0,0
obs_013470,3RScan:d63767be-3205-226c-9a89-3a27969053a7,3RScan,6,10,0
obs_013470,3RScan:d63767be-3205-226c-9a89-3a27969053a7,3RScan,6,20,0
obs_013470,3RScan:d63767be-3205-226c-9a89-3a27969053a7,3RScan,1,0,0
obs_013470,3RScan:d63767be-3205-226c-9a89-3a27969053a7,3RScan,1,10,0
obs_013470,3RScan:d63767be-3205-226c-9a89-3a27969053a7,3RScan,1,20,0
obs_013470,3RScan:d63767be-3205-226c-9a89-3a27969053a7,3RScan,13,0,0
obs_013470,3RScan:d63767be-3205-226c-9a89-3a27969053a7,3RScan,13,10,0
obs_013470,3RScan:d63767be-3205-226c-9a89-3a27969053a7,3RScan,13,20,0
obs_013470,3RScan:d63767be-3205-226c-9a89-3a27969053a7,3RScan,4,0,0
obs_013470,3RScan:d63767be-3205-226c-9a89-3a27969053a7,3RScan,4,10,0
obs_013470,3RScan:d63767be-3205-226c-9a89-3a27969053a7,3RScan,4,20,0
obs_013470,3RScan:d63767be-3205-226c-9a89-3a27969053a7,3RScan,7,0,0
obs_013470,3RScan:d63767be-3205-226c-9a89-3a27969053a7,3RScan,7,10,0
obs_013470,3RScan:d63767be-3205-226c-9a89-3a27969053a7,3RScan,7,20,0
obs_013470,3RScan:d63767be-3205-226c-9a89-3a27969053a7,3RScan,2,0,0
obs_013470,3RScan:d63767be-3205-226c-9a89-3a27969053a7,3RScan,2,10,0
obs_013470,3RScan:d63767be-3205-226c-9a89-3a27969053a7,3RScan,2,20,0
obs_023532,3RScan:8f0f1437-55de-28ce-828e-dbf210a7f472,3RScan,30,0,0
obs_023532,3RScan:8f0f1437-55de-28ce-828e-dbf210a7f472,3RScan,30,10,0
obs_023532,3RScan:8f0f1437-55de-28ce-828e-dbf210a7f472,3RScan,30,20,0
obs_023532,3RScan:8f0f1437-55de-28ce-828e-dbf210a7f472,3RScan,18,0,0
obs_023532,3RScan:8f0f1437-55de-28ce-828e-dbf210a7f472,3RScan,18,10,0
obs_023532,3RScan:8f0f1437-55de-28ce-828e-dbf210a7f472,3RScan,18,20,0
obs_023532,3RScan:8f0f1437-55de-28ce-828e-dbf210a7f472,3RScan,16,0,0
obs_023532,3RScan:8f0f1437-55de-28ce-828e-dbf210a7f472,3RScan,16,10,0
obs_023532,3RScan:8f0f1437-55de-28ce-828e-dbf210a7f472,3RScan,16,20,0
obs_000206,3RScan:0cac768c-8d6f-2d13-8cc8-7ace156fc3e7,3RScan,6,0,0
obs_000206,3RScan:0cac768c-8d6f-2d13-8cc8-7ace156fc3e7,3RScan,6,10,0
obs_000206,3RScan:0cac768c-8d6f-2d13-8cc8-7ace156fc3e7,3RScan,6,20,0
obs_000206,3RScan:0cac768c-8d6f-2d13-8cc8-7ace156fc3e7,3RScan,7,0,1
obs_000206,3RScan:0cac768c-8d6f-2d13-8cc8-7ace156fc3e7,3RScan,7,10,0
obs_000206,3RScan:0cac768c-8d6f-2d13-8cc8-7ace156fc3e7,3RScan,7,20,0
obs_000206,3RScan:0cac768c-8d6f-2d13-8cc8-7ace156fc3e7,3RScan,0,0,0
obs_000206,3RScan:0cac768c-8d6f-2d13-8cc8-7ace156fc3e7,3RScan,0,10,0
obs_000206,3RScan:0cac768c-8d6f-2d13-8cc8-7ace156fc3e7,3RScan,0,20,0
obs_000206,3RScan:0cac768c-8d6f-2d13-8cc8-7ace156fc3e7,3RScan,17,0,0
obs_000206,3RScan:0cac768c-8d6f-2d13-8cc8-7ace156fc3e7,3RScan,17,10,0
obs_000206,3RScan:0cac768c-8d6f-2d13-8cc8-7ace156fc3e7,3RScan,17,20,0
obs_000206,3RScan:0cac768c-8d6f-2d13-8cc8-7ace156fc3e7,3RScan,31,0,0
obs_000206,3RScan:0cac768c-8d6f-2d13-8cc8-7ace156fc3e7,3RScan,31,10,0
obs_000206,3RScan:0cac768c-8d6f-2d13-8cc8-7ace156fc3e7,3RScan,31,20,0
obs_000206,3RScan:0cac768c-8d6f-2d13-8cc8-7ace156fc3e7,3RScan,4,0,0
obs_000206,3RScan:0cac768c-8d6f-2d13-8cc8-7ace156fc3e7,3RScan,4,10,0
obs_000206,3RScan:0cac768c-8d6f-2d13-8cc8-7ace156fc3e7,3RScan,4,20,0
obs_000206,3RScan:0cac768c-8d6f-2d13-8cc8-7ace156fc3e7,3RScan,5,0,0
obs_000206,3RScan:0cac768c-8d6f-2d13-8cc8-7ace156fc3e7,3RScan,5,10,0
obs_000206,3RScan:0cac768c-8d6f-2d13-8cc8-7ace156fc3e7,3RScan,5,20,0
obs_000206,3RScan:0cac768c-8d6f-2d13-8cc8-7ace156fc3e7,3RScan,11,0,0
obs_000206,3RScan:0cac768c-8d6f-2d13-8cc8-7ace156fc3e7,3RScan,11,10,0
obs_000206,3RScan:0cac768c-8d6f-2d13-8cc8-7ace156fc3e7,3RScan,11,20,0
obs_000206,3RScan:0cac768c-8d6f-2d13-8cc8-7ace156fc3e7,3RScan,19,0,0
obs_000206,3RScan:0cac768c-8d6f-2d13-8cc8-7ace156fc3e7,3RScan,19,10,0
obs_000206,3RScan:0cac768c-8d6f-2d13-8cc8-7ace156fc3e7,3RScan,19,20,0
obs_009280,3RScan:00d42bed-778d-2ac6-86a7-0e0e5f5f5660,3RScan,4,0,0
obs_009280,3RScan:00d42bed-778d-2ac6-86a7-0e0e5f5f5660,3RScan,4,10,0
obs_009280,3RScan:00d42bed-778d-2ac6-86a7-0e0e5f5f5660,3RScan,4,20,0
obs_009280,3RScan:00d42bed-778d-2ac6-86a7-0e0e5f5f5660,3RScan,25,0,1
obs_009280,3RScan:00d42bed-778d-2ac6-86a7-0e0e5f5f5660,3RScan,25,10,0
obs_009280,3RScan:00d42bed-778d-2ac6-86a7-0e0e5f5f5660,3RScan,25,20,0
obs_009280,3RScan:00d42bed-778d-2ac6-86a7-0e0e5f5f5660,3RScan,12,0,1
obs_009280,3RScan:00d42bed-778d-2ac6-86a7-0e0e5f5f5660,3RScan,12,10,0
obs_009280,3RScan:00d42bed-778d-2ac6-86a7-0e0e5f5f5660,3RScan,12,20,0
obs_009280,3RScan:00d42bed-778d-2ac6-86a7-0e0e5f5f5660,3RScan,2,0,1
obs_009280,3RScan:00d42bed-778d-2ac6-86a7-0e0e5f5f5660,3RScan,2,10,0
obs_009280,3RScan:00d42bed-778d-2ac6-86a7-0e0e5f5f5660,3RScan,2,20,0
obs_009280,3RScan:00d42bed-778d-2ac6-86a7-0e0e5f5f5660,3RScan,35,0,1
obs_009280,3RScan:00d42bed-778d-2ac6-86a7-0e0e5f5f5660,3RScan,35,10,0
obs_009280,3RScan:00d42bed-778d-2ac6-86a7-0e0e5f5f5660,3RScan,35,20,0
obs_009280,3RScan:00d42bed-778d-2ac6-86a7-0e0e5f5f5660,3RScan,13,0,1
obs_009280,3RScan:00d42bed-778d-2ac6-86a7-0e0e5f5f5660,3RScan,13,10,0
obs_009280,3RScan:00d42bed-778d-2ac6-86a7-0e0e5f5f5660,3RScan,13,20,0
obs_009280,3RScan:00d42bed-778d-2ac6-86a7-0e0e5f5f5660,3RScan,11,0,1
obs_009280,3RScan:00d42bed-778d-2ac6-86a7-0e0e5f5f5660,3RScan,11,10,0
obs_009280,3RScan:00d42bed-778d-2ac6-86a7-0e0e5f5f5660,3RScan,11,20,0
obs_009280,3RScan:00d42bed-778d-2ac6-86a7-0e0e5f5f5660,3RScan,24,0,0
obs_009280,3RScan:00d42bed-778d-2ac6-86a7-0e0e5f5f5660,3RScan,24,10,0
obs_009280,3RScan:00d42bed-778d-2ac6-86a7-0e0e5f5f5660,3RScan,24,20,0
obs_009280,3RScan:00d42bed-778d-2ac6-86a7-0e0e5f5f5660,3RScan,0,0,1
obs_009280,3RScan:00d42bed-778d-2ac6-86a7-0e0e5f5f5660,3RScan,0,10,0
obs_009280,3RScan:00d42bed-778d-2ac6-86a7-0e0e5f5f5660,3RScan,0,20,0
obs_009280,3RScan:00d42bed-778d-2ac6-86a7-0e0e5f5f5660,3RScan,23,0,1
obs_009280,3RScan:00d42bed-778d-2ac6-86a7-0e0e5f5f5660,3RScan,23,10,0
obs_009280,3RScan:00d42bed-778d-2ac6-86a7-0e0e5f5f5660,3RScan,23,20,0
obs_009280,3RScan:00d42bed-778d-2ac6-86a7-0e0e5f5f5660,3RScan,1,0,1
obs_009280,3RScan:00d42bed-778d-2ac6-86a7-0e0e5f5f5660,3RScan,1,10,0
obs_009280,3RScan:00d42bed-778d-2ac6-86a7-0e0e5f5f5660,3RScan,1,20,0
obs_023335,3RScan:0cac75c4-8d6f-2d13-8c37-fcfaf141ae5a,3RScan,0,0,1
obs_023335,3RScan:0cac75c4-8d6f-2d13-8c37-fcfaf141ae5a,3RScan,0,10,0
obs_023335,3RScan:0cac75c4-8d6f-2d13-8c37-fcfaf141ae5a,3RScan,0,20,0
obs_023335,3RScan:0cac75c4-8d6f-2d13-8c37-fcfaf141ae5a,3RScan,11,0,1
obs_023335,3RScan:0cac75c4-8d6f-2d13-8c37-fcfaf141ae5a,3RScan,11,10,0
obs_023335,3RScan:0cac75c4-8d6f-2d13-8c37-fcfaf141ae5a,3RScan,11,20,0
obs_065777,ARKitScenes:422385,ARKitScenes,2,0,0
obs_065777,ARKitScenes:422385,ARKitScenes,2,10,0
obs_065777,ARKitScenes:422385,ARKitScenes,2,20,0
obs_065777,ARKitScenes:422385,ARKitScenes,13,0,0
obs_065777,ARKitScenes:422385,ARKitScenes,13,10,0
obs_065777,ARKitScenes:422385,ARKitScenes,13,20,0
obs_065777,ARKitScenes:422385,ARKitScenes,0,0,0
obs_065777,ARKitScenes:422385,ARKitScenes,0,10,0
obs_065777,ARKitScenes:422385,ARKitScenes,0,20,0
obs_065777,ARKitScenes:422385,ARKitScenes,3,0,0
obs_065777,ARKitScenes:422385,ARKitScenes,3,10,0
obs_065777,ARKitScenes:422385,ARKitScenes,3,20,0
obs_065777,ARKitScenes:422385,ARKitScenes,31,0,0
obs_065777,ARKitScenes:422385,ARKitScenes,31,10,0
obs_065777,ARKitScenes:422385,ARKitScenes,31,20,0
obs_065777,ARKitScenes:422385,ARKitScenes,30,0,0
obs_065777,ARKitScenes:422385,ARKitScenes,30,10,0
obs_065777,ARKitScenes:422385,ARKitScenes,30,20,0
obs_065777,ARKitScenes:422385,ARKitScenes,4,0,0
obs_065777,ARKitScenes:422385,ARKitScenes,4,10,0
obs_065777,ARKitScenes:422385,ARKitScenes,4,20,0
obs_065777,ARKitScenes:422385,ARKitScenes,11,0,0
obs_065777,ARKitScenes:422385,ARKitScenes,11,10,0
obs_065777,ARKitScenes:422385,ARKitScenes,11,20,0
obs_065777,ARKitScenes:422385,ARKitScenes,19,0,0
obs_065777,ARKitScenes:422385,ARKitScenes,19,10,0
obs_065777,ARKitScenes:422385,ARKitScenes,19,20,0
obs_065777,ARKitScenes:422385,ARKitScenes,25,0,0
obs_065777,ARKitScenes:422385,ARKitScenes,25,10,0
obs_065777,ARKitScenes:422385,ARKitScenes,25,20,0
obs_065777,ARKitScenes:422385,ARKitScenes,1,0,0
obs_065777,ARKitScenes:422385,ARKitScenes,1,10,0
obs_065777,ARKitScenes:422385,ARKitScenes,1,20,0
obs_082481,ARKitScenes:421065,ARKitScenes,30,0,0
obs_082481,ARKitScenes:421065,ARKitScenes,30,10,0
obs_082481,ARKitScenes:421065,ARKitScenes,30,20,0
obs_082481,ARKitScenes:421065,ARKitScenes,11,0,0
obs_082481,ARKitScenes:421065,ARKitScenes,11,10,0
obs_082481,ARKitScenes:421065,ARKitScenes,11,20,0
obs_082481,ARKitScenes:421065,ARKitScenes,0,0,0
obs_082481,ARKitScenes:421065,ARKitScenes,0,10,0
obs_082481,ARKitScenes:421065,ARKitScenes,0,20,0
obs_082481,ARKitScenes:421065,ARKitScenes,2,0,0
obs_082481,ARKitScenes:421065,ARKitScenes,2,10,0
obs_082481,ARKitScenes:421065,ARKitScenes,2,20,0
obs_082481,ARKitScenes:421065,ARKitScenes,5,0,0
obs_082481,ARKitScenes:421065,ARKitScenes,5,10,0
obs_082481,ARKitScenes:421065,ARKitScenes,5,20,0
obs_082481,ARKitScenes:421065,ARKitScenes,1,0,1
obs_082481,ARKitScenes:421065,ARKitScenes,1,10,0
obs_082481,ARKitScenes:421065,ARKitScenes,1,20,0
obs_082481,ARKitScenes:421065,ARKitScenes,6,0,0
obs_082481,ARKitScenes:421065,ARKitScenes,6,10,0
obs_082481,ARKitScenes:421065,ARKitScenes,6,20,0
obs_082481,ARKitScenes:421065,ARKitScenes,18,0,0
obs_082481,ARKitScenes:421065,ARKitScenes,18,10,0
obs_082481,ARKitScenes:421065,ARKitScenes,18,20,0
obs_082481,ARKitScenes:421065,ARKitScenes,7,0,1
obs_082481,ARKitScenes:421065,ARKitScenes,7,10,0
obs_082481,ARKitScenes:421065,ARKitScenes,7,20,0
obs_082481,ARKitScenes:421065,ARKitScenes,4,0,0
obs_082481,ARKitScenes:421065,ARKitScenes,4,10,0
obs_082481,ARKitScenes:421065,ARKitScenes,4,20,0
obs_082481,ARKitScenes:421065,ARKitScenes,17,0,0
obs_082481,ARKitScenes:421065,ARKitScenes,17,10,0
obs_082481,ARKitScenes:421065,ARKitScenes,17,20,0
obs_082481,ARKitScenes:421065,ARKitScenes,3,0,0
obs_082481,ARKitScenes:421065,ARKitScenes,3,10,0
obs_082481,ARKitScenes:421065,ARKitScenes,3,20,0
obs_082481,ARKitScenes:421065,ARKitScenes,19,0,1
obs_082481,ARKitScenes:421065,ARKitScenes,19,10,0
obs_082481,ARKitScenes:421065,ARKitScenes,19,20,0
obs_082481,ARKitScenes:421065,ARKitScenes,31,0,1
obs_082481,ARKitScenes:421065,ARKitScenes,31,10,0
obs_082481,ARKitScenes:421065,ARKitScenes,31,20,0
obs_088552,ARKitScenes:483413,ARKitScenes,3,0,0
obs_088552,ARKitScenes:483413,ARKitScenes,3,10,0
obs_088552,ARKitScenes:483413,ARKitScenes,3,20,0
obs_088552,ARKitScenes:483413,ARKitScenes,4,0,1
obs_088552,ARKitScenes:483413,ARKitScenes,4,10,0
obs_088552,ARKitScenes:483413,ARKitScenes,4,20,0
obs_088552,ARKitScenes:483413,ARKitScenes,11,0,1
obs_088552,ARKitScenes:483413,ARKitScenes,11,10,0
obs_088552,ARKitScenes:483413,ARKitScenes,11,20,0
obs_088552,ARKitScenes:483413,ARKitScenes,25,0,1
obs_088552,ARKitScenes:483413,ARKitScenes,25,10,0
obs_088552,ARKitScenes:483413,ARKitScenes,25,20,0
obs_088552,ARKitScenes:483413,ARKitScenes,1,0,1
obs_088552,ARKitScenes:483413,ARKitScenes,1,10,1
obs_088552,ARKitScenes:483413,ARKitScenes,1,20,0
obs_088552,ARKitScenes:483413,ARKitScenes,23,0,1
obs_088552,ARKitScenes:483413,ARKitScenes,23,10,0
obs_088552,ARKitScenes:483413,ARKitScenes,23,20,0
obs_088552,ARKitScenes:483413,ARKitScenes,2,0,1
obs_088552,ARKitScenes:483413,ARKitScenes,2,10,0
obs_088552,ARKitScenes:483413,ARKitScenes,2,20,0
obs_088552,ARKitScenes:483413,ARKitScenes,24,0,1
obs_088552,ARKitScenes:483413,ARKitScenes,24,10,0
obs_088552,ARKitScenes:483413,ARKitScenes,24,20,0
obs_088552,ARKitScenes:483413,ARKitScenes,35,0,0
obs_088552,ARKitScenes:483413,ARKitScenes,35,10,0
obs_088552,ARKitScenes:483413,ARKitScenes,35,20,0
obs_088552,ARKitScenes:483413,ARKitScenes,12,0,1
obs_088552,ARKitScenes:483413,ARKitScenes,12,10,1
obs_088552,ARKitScenes:483413,ARKitScenes,12,20,0
obs_088552,ARKitScenes:483413,ARKitScenes,0,0,1
obs_088552,ARKitScenes:483413,ARKitScenes,0,10,0
obs_088552,ARKitScenes:483413,ARKitScenes,0,20,0
obs_088552,ARKitScenes:483413,ARKitScenes,13,0,1
obs_088552,ARKitScenes:483413,ARKitScenes,13,10,0
obs_088552,ARKitScenes:483413,ARKitScenes,13,20,0
obs_029552,ARKitScenes:483087,ARKitScenes,4,0,0
obs_029552,ARKitScenes:483087,ARKitScenes,4,10,0
obs_029552,ARKitScenes:483087,ARKitScenes,4,20,0
obs_029552,ARKitScenes:483087,ARKitScenes,19,0,0
obs_029552,ARKitScenes:483087,ARKitScenes,19,10,0
obs_029552,ARKitScenes:483087,ARKitScenes,19,20,0
obs_029552,ARKitScenes:483087,ARKitScenes,5,0,0
obs_029552,ARKitScenes:483087,ARKitScenes,5,10,0
obs_029552,ARKitScenes:483087,ARKitScenes,5,20,0
obs_029552,ARKitScenes:483087,ARKitScenes,12,0,0
obs_029552,ARKitScenes:483087,ARKitScenes,12,10,0
obs_029552,ARKitScenes:483087,ARKitScenes,12,20,0
obs_029552,ARKitScenes:483087,ARKitScenes,2,0,0
obs_029552,ARKitScenes:483087,ARKitScenes,2,10,0
obs_029552,ARKitScenes:483087,ARKitScenes,2,20,0
obs_029552,ARKitScenes:483087,ARKitScenes,11,0,0
obs_029552,ARKitScenes:483087,ARKitScenes,11,10,0
obs_029552,ARKitScenes:483087,ARKitScenes,11,20,0
obs_029552,ARKitScenes:483087,ARKitScenes,34,0,0
obs_029552,ARKitScenes:483087,ARKitScenes,34,10,0
obs_029552,ARKitScenes:483087,ARKitScenes,34,20,0
obs_029552,ARKitScenes:483087,ARKitScenes,6,0,0
obs_029552,ARKitScenes:483087,ARKitScenes,6,10,0
obs_029552,ARKitScenes:483087,ARKitScenes,6,20,0
obs_029552,ARKitScenes:483087,ARKitScenes,25,0,0
obs_029552,ARKitScenes:483087,ARKitScenes,25,10,0
obs_029552,ARKitScenes:483087,ARKitScenes,25,20,0
obs_029552,ARKitScenes:483087,ARKitScenes,23,0,0
obs_029552,ARKitScenes:483087,ARKitScenes,23,10,0
obs_029552,ARKitScenes:483087,ARKitScenes,23,20,0
obs_029552,ARKitScenes:483087,ARKitScenes,3,0,0
obs_029552,ARKitScenes:483087,ARKitScenes,3,10,0
obs_029552,ARKitScenes:483087,ARKitScenes,3,20,0
obs_029552,ARKitScenes:483087,ARKitScenes,7,0,0
obs_029552,ARKitScenes:483087,ARKitScenes,7,10,0
obs_029552,ARKitScenes:483087,ARKitScenes,7,20,0
obs_029552,ARKitScenes:483087,ARKitScenes,0,0,0
obs_029552,ARKitScenes:483087,ARKitScenes,0,10,0
obs_029552,ARKitScenes:483087,ARKitScenes,0,20,0
obs_029552,ARKitScenes:483087,ARKitScenes,1,0,0
obs_029552,ARKitScenes:483087,ARKitScenes,1,10,0
obs_029552,ARKitScenes:483087,ARKitScenes,1,20,0
obs_097040,ARKitScenes:469268,ARKitScenes,29,0,1
obs_097040,ARKitScenes:469268,ARKitScenes,29,10,0
obs_097040,ARKitScenes:469268,ARKitScenes,29,20,0
obs_097040,ARKitScenes:469268,ARKitScenes,31,0,0
obs_097040,ARKitScenes:469268,ARKitScenes,31,10,0
obs_097040,ARKitScenes:469268,ARKitScenes,31,20,0
obs_097040,ARKitScenes:469268,ARKitScenes,7,0,1
obs_097040,ARKitScenes:469268,ARKitScenes,7,10,1
obs_097040,ARKitScenes:469268,ARKitScenes,7,20,0
obs_097040,ARKitScenes:469268,ARKitScenes,4,0,0
obs_097040,ARKitScenes:469268,ARKitScenes,4,10,0
obs_097040,ARKitScenes:469268,ARKitScenes,4,20,0
obs_097040,ARKitScenes:469268,ARKitScenes,2,0,1
obs_097040,ARKitScenes:469268,ARKitScenes,2,10,0
obs_097040,ARKitScenes:469268,ARKitScenes,2,20,0
obs_097040,ARKitScenes:469268,ARKitScenes,17,0,1
obs_097040,ARKitScenes:469268,ARKitScenes,17,10,1
obs_097040,ARKitScenes:469268,ARKitScenes,17,20,0
obs_097040,ARKitScenes:469268,ARKitScenes,18,0,1
obs_097040,ARKitScenes:469268,ARKitScenes,18,10,1
obs_097040,ARKitScenes:469268,ARKitScenes,18,20,0
obs_097040,ARKitScenes:469268,ARKitScenes,30,0,0
obs_097040,ARKitScenes:469268,ARKitScenes,30,10,0
obs_097040,ARKitScenes:469268,ARKitScenes,30,20,0
obs_097040,ARKitScenes:469268,ARKitScenes,3,0,1
obs_097040,ARKitScenes:469268,ARKitScenes,3,10,1
obs_097040,ARKitScenes:469268,ARKitScenes,3,20,0
obs_097040,ARKitScenes:469268,ARKitScenes,5,0,1
obs_097040,ARKitScenes:469268,ARKitScenes,5,10,0
obs_097040,ARKitScenes:469268,ARKitScenes,5,20,0
obs_097040,ARKitScenes:469268,ARKitScenes,19,0,1
obs_097040,ARKitScenes:469268,ARKitScenes,19,10,1
obs_097040,ARKitScenes:469268,ARKitScenes,19,20,0
obs_097040,ARKitScenes:469268,ARKitScenes,6,0,1
obs_097040,ARKitScenes:469268,ARKitScenes,6,10,1
obs_097040,ARKitScenes:469268,ARKitScenes,6,20,0
obs_039417,ARKitScenes:471198,ARKitScenes,11,0,1
obs_039417,ARKitScenes:471198,ARKitScenes,11,10,0
obs_039417,ARKitScenes:471198,ARKitScenes,11,20,0
obs_039417,ARKitScenes:471198,ARKitScenes,6,0,0
obs_039417,ARKitScenes:471198,ARKitScenes,6,10,0
obs_039417,ARKitScenes:471198,ARKitScenes,6,20,0
obs_039417,ARKitScenes:471198,ARKitScenes,1,0,0
obs_039417,ARKitScenes:471198,ARKitScenes,1,10,0
obs_039417,ARKitScenes:471198,ARKitScenes,1,20,0
obs_039417,ARKitScenes:471198,ARKitScenes,35,0,0
obs_039417,ARKitScenes:471198,ARKitScenes,35,10,0
obs_039417,ARKitScenes:471198,ARKitScenes,35,20,0
obs_039417,ARKitScenes:471198,ARKitScenes,20,0,0
obs_039417,ARKitScenes:471198,ARKitScenes,20,10,0
obs_039417,ARKitScenes:471198,ARKitScenes,20,20,0
obs_039417,ARKitScenes:471198,ARKitScenes,12,0,0
obs_039417,ARKitScenes:471198,ARKitScenes,12,10,0
obs_039417,ARKitScenes:471198,ARKitScenes,12,20,0
obs_039417,ARKitScenes:471198,ARKitScenes,23,0,0
obs_039417,ARKitScenes:471198,ARKitScenes,23,10,0
obs_039417,ARKitScenes:471198,ARKitScenes,23,20,0
obs_039417,ARKitScenes:471198,ARKitScenes,2,0,0
obs_039417,ARKitScenes:471198,ARKitScenes,2,10,0
obs_039417,ARKitScenes:471198,ARKitScenes,2,20,0
obs_039417,ARKitScenes:471198,ARKitScenes,30,0,0
obs_039417,ARKitScenes:471198,ARKitScenes,30,10,0
obs_039417,ARKitScenes:471198,ARKitScenes,30,20,0
obs_039417,ARKitScenes:471198,ARKitScenes,19,0,0
obs_039417,ARKitScenes:471198,ARKitScenes,19,10,0
obs_039417,ARKitScenes:471198,ARKitScenes,19,20,0
obs_039417,ARKitScenes:471198,ARKitScenes,17,0,0
obs_039417,ARKitScenes:471198,ARKitScenes,17,10,0
obs_039417,ARKitScenes:471198,ARKitScenes,17,20,0
obs_039417,ARKitScenes:471198,ARKitScenes,4,0,1
obs_039417,ARKitScenes:471198,ARKitScenes,4,10,1
obs_039417,ARKitScenes:471198,ARKitScenes,4,20,0
obs_039417,ARKitScenes:471198,ARKitScenes,5,0,1
obs_039417,ARKitScenes:471198,ARKitScenes,5,10,0
obs_039417,ARKitScenes:471198,ARKitScenes,5,20,0
obs_039417,ARKitScenes:471198,ARKitScenes,0,0,0
obs_039417,ARKitScenes:471198,ARKitScenes,0,10,0
obs_039417,ARKitScenes:471198,ARKitScenes,0,20,0
obs_039417,ARKitScenes:471198,ARKitScenes,3,0,0
obs_039417,ARKitScenes:471198,ARKitScenes,3,10,0
obs_039417,ARKitScenes:471198,ARKitScenes,3,20,0
obs_039417,ARKitScenes:471198,ARKitScenes,18,0,0
obs_039417,ARKitScenes:471198,ARKitScenes,18,10,0
obs_039417,ARKitScenes:471198,ARKitScenes,18,20,0
obs_039417,ARKitScenes:471198,ARKitScenes,7,0,0
obs_039417,ARKitScenes:471198,ARKitScenes,7,10,0
obs_039417,ARKitScenes:471198,ARKitScenes,7,20,0
obs_039417,ARKitScenes:471198,ARKitScenes,31,0,0
obs_039417,ARKitScenes:471198,ARKitScenes,31,10,0
obs_039417,ARKitScenes:471198,ARKitScenes,31,20,0
obs_053903,ARKitScenes:482084,ARKitScenes,6,0,0
obs_053903,ARKitScenes:482084,ARKitScenes,6,10,0
obs_053903,ARKitScenes:482084,ARKitScenes,6,20,0
obs_053903,ARKitScenes:482084,ARKitScenes,30,0,0
obs_053903,ARKitScenes:482084,ARKitScenes,30,10,0
obs_053903,ARKitScenes:482084,ARKitScenes,30,20,0
obs_053903,ARKitScenes:482084,ARKitScenes,18,0,0
obs_053903,ARKitScenes:482084,ARKitScenes,18,10,0
obs_053903,ARKitScenes:482084,ARKitScenes,18,20,0
obs_053903,ARKitScenes:482084,ARKitScenes,7,0,0
obs_053903,ARKitScenes:482084,ARKitScenes,7,10,0
obs_053903,ARKitScenes:482084,ARKitScenes,7,20,0
obs_053903,ARKitScenes:482084,ARKitScenes,19,0,0
obs_053903,ARKitScenes:482084,ARKitScenes,19,10,0
obs_053903,ARKitScenes:482084,ARKitScenes,19,20,0
obs_053903,ARKitScenes:482084,ARKitScenes,17,0,0
obs_053903,ARKitScenes:482084,ARKitScenes,17,10,0
obs_053903,ARKitScenes:482084,ARKitScenes,17,20,0
obs_053903,ARKitScenes:482084,ARKitScenes,5,0,0
obs_053903,ARKitScenes:482084,ARKitScenes,5,10,0
obs_053903,ARKitScenes:482084,ARKitScenes,5,20,0
obs_053903,ARKitScenes:482084,ARKitScenes,3,0,0
obs_053903,ARKitScenes:482084,ARKitScenes,3,10,0
obs_053903,ARKitScenes:482084,ARKitScenes,3,20,0
obs_053903,ARKitScenes:482084,ARKitScenes,2,0,0
obs_053903,ARKitScenes:482084,ARKitScenes,2,10,0
obs_053903,ARKitScenes:482084,ARKitScenes,2,20,0
obs_053903,ARKitScenes:482084,ARKitScenes,4,0,0
obs_053903,ARKitScenes:482084,ARKitScenes,4,10,0
obs_053903,ARKitScenes:482084,ARKitScenes,4,20,0
obs_053903,ARKitScenes:482084,ARKitScenes,29,0,0
obs_053903,ARKitScenes:482084,ARKitScenes,29,10,0
obs_053903,ARKitScenes:482084,ARKitScenes,29,20,0
obs_053903,ARKitScenes:482084,ARKitScenes,31,0,0
obs_053903,ARKitScenes:482084,ARKitScenes,31,10,0
obs_053903,ARKitScenes:482084,ARKitScenes,31,20,0
obs_025765,ARKitScenes:471674,ARKitScenes,4,0,0
obs_025765,ARKitScenes:471674,ARKitScenes,4,10,0
obs_025765,ARKitScenes:471674,ARKitScenes,4,20,0
obs_025765,ARKitScenes:471674,ARKitScenes,25,0,0
obs_025765,ARKitScenes:471674,ARKitScenes,25,10,0
obs_025765,ARKitScenes:471674,ARKitScenes,25,20,0
obs_025765,ARKitScenes:471674,ARKitScenes,5,0,0
obs_025765,ARKitScenes:471674,ARKitScenes,5,10,0
obs_025765,ARKitScenes:471674,ARKitScenes,5,20,0
obs_025765,ARKitScenes:471674,ARKitScenes,3,0,0
obs_025765,ARKitScenes:471674,ARKitScenes,3,10,0
obs_025765,ARKitScenes:471674,ARKitScenes,3,20,0
obs_025765,ARKitScenes:471674,ARKitScenes,35,0,0
obs_025765,ARKitScenes:471674,ARKitScenes,35,10,0
obs_025765,ARKitScenes:471674,ARKitScenes,35,20,0
obs_116392,Matterport3D:B6ByNegPMKs,Matterport3D,0,0,1
obs_116392,Matterport3D:B6ByNegPMKs,Matterport3D,0,10,1
obs_116392,Matterport3D:B6ByNegPMKs,Matterport3D,0,20,1
obs_116392,Matterport3D:B6ByNegPMKs,Matterport3D,2,0,1
obs_116392,Matterport3D:B6ByNegPMKs,Matterport3D,2,10,0
obs_116392,Matterport3D:B6ByNegPMKs,Matterport3D,2,20,0
obs_116392,Matterport3D:B6ByNegPMKs,Matterport3D,31,0,0
obs_116392,Matterport3D:B6ByNegPMKs,Matterport3D,31,10,0
obs_116392,Matterport3D:B6ByNegPMKs,Matterport3D,31,20,0
obs_116392,Matterport3D:B6ByNegPMKs,Matterport3D,17,0,1
obs_116392,Matterport3D:B6ByNegPMKs,Matterport3D,17,10,1
obs_116392,Matterport3D:B6ByNegPMKs,Matterport3D,17,20,1
obs_116392,Matterport3D:B6ByNegPMKs,Matterport3D,13,0,1
obs_116392,Matterport3D:B6ByNegPMKs,Matterport3D,13,10,0
obs_116392,Matterport3D:B6ByNegPMKs,Matterport3D,13,20,0
obs_116392,Matterport3D:B6ByNegPMKs,Matterport3D,7,0,1
obs_116392,Matterport3D:B6ByNegPMKs,Matterport3D,7,10,0
obs_116392,Matterport3D:B6ByNegPMKs,Matterport3D,7,20,0
obs_116392,Matterport3D:B6ByNegPMKs,Matterport3D,24,0,0
obs_116392,Matterport3D:B6ByNegPMKs,Matterport3D,24,10,0
obs_116392,Matterport3D:B6ByNegPMKs,Matterport3D,24,20,0
obs_116392,Matterport3D:B6ByNegPMKs,Matterport3D,35,0,1
obs_116392,Matterport3D:B6ByNegPMKs,Matterport3D,35,10,1
obs_116392,Matterport3D:B6ByNegPMKs,Matterport3D,35,20,0
obs_116392,Matterport3D:B6ByNegPMKs,Matterport3D,6,0,1
obs_116392,Matterport3D:B6ByNegPMKs,Matterport3D,6,10,1
obs_116392,Matterport3D:B6ByNegPMKs,Matterport3D,6,20,0
obs_116392,Matterport3D:B6ByNegPMKs,Matterport3D,30,0,1
obs_116392,Matterport3D:B6ByNegPMKs,Matterport3D,30,10,0
obs_116392,Matterport3D:B6ByNegPMKs,Matterport3D,30,20,0
obs_116392,Matterport3D:B6ByNegPMKs,Matterport3D,29,0,0
obs_116392,Matterport3D:B6ByNegPMKs,Matterport3D,29,10,0
obs_116392,Matterport3D:B6ByNegPMKs,Matterport3D,29,20,0
obs_116392,Matterport3D:B6ByNegPMKs,Matterport3D,23,0,1
obs_116392,Matterport3D:B6ByNegPMKs,Matterport3D,23,10,1
obs_116392,Matterport3D:B6ByNegPMKs,Matterport3D,23,20,1
obs_116392,Matterport3D:B6ByNegPMKs,Matterport3D,11,0,1
obs_116392,Matterport3D:B6ByNegPMKs,Matterport3D,11,10,1
obs_116392,Matterport3D:B6ByNegPMKs,Matterport3D,11,20,1
obs_116392,Matterport3D:B6ByNegPMKs,Matterport3D,3,0,1
obs_116392,Matterport3D:B6ByNegPMKs,Matterport3D,3,10,0
obs_116392,Matterport3D:B6ByNegPMKs,Matterport3D,3,20,0
obs_116392,Matterport3D:B6ByNegPMKs,Matterport3D,1,0,1
obs_116392,Matterport3D:B6ByNegPMKs,Matterport3D,1,10,0
obs_116392,Matterport3D:B6ByNegPMKs,Matterport3D,1,20,0
obs_116392,Matterport3D:B6ByNegPMKs,Matterport3D,4,0,1
obs_116392,Matterport3D:B6ByNegPMKs,Matterport3D,4,10,1
obs_116392,Matterport3D:B6ByNegPMKs,Matterport3D,4,20,1
obs_116392,Matterport3D:B6ByNegPMKs,Matterport3D,19,0,0
obs_116392,Matterport3D:B6ByNegPMKs,Matterport3D,19,10,0
obs_116392,Matterport3D:B6ByNegPMKs,Matterport3D,19,20,0
obs_116392,Matterport3D:B6ByNegPMKs,Matterport3D,5,0,1
obs_116392,Matterport3D:B6ByNegPMKs,Matterport3D,5,10,1
obs_116392,Matterport3D:B6ByNegPMKs,Matterport3D,5,20,1
obs_116392,Matterport3D:B6ByNegPMKs,Matterport3D,12,0,1
obs_116392,Matterport3D:B6ByNegPMKs,Matterport3D,12,10,1
obs_116392,Matterport3D:B6ByNegPMKs,Matterport3D,12,20,0
obs_116392,Matterport3D:B6ByNegPMKs,Matterport3D,18,0,1
obs_116392,Matterport3D:B6ByNegPMKs,Matterport3D,18,10,1
obs_116392,Matterport3D:B6ByNegPMKs,Matterport3D,18,20,0
obs_116392,Matterport3D:B6ByNegPMKs,Matterport3D,20,0,1
obs_116392,Matterport3D:B6ByNegPMKs,Matterport3D,20,10,0
obs_116392,Matterport3D:B6ByNegPMKs,Matterport3D,20,20,0
obs_132842,Matterport3D:VFuaQ6m2Qom,Matterport3D,11,0,1
obs_132842,Matterport3D:VFuaQ6m2Qom,Matterport3D,11,10,1
obs_132842,Matterport3D:VFuaQ6m2Qom,Matterport3D,11,20,1
obs_132842,Matterport3D:VFuaQ6m2Qom,Matterport3D,12,0,1
obs_132842,Matterport3D:VFuaQ6m2Qom,Matterport3D,12,10,1
obs_132842,Matterport3D:VFuaQ6m2Qom,Matterport3D,12,20,1
obs_132842,Matterport3D:VFuaQ6m2Qom,Matterport3D,19,0,1
obs_132842,Matterport3D:VFuaQ6m2Qom,Matterport3D,19,10,1
obs_132842,Matterport3D:VFuaQ6m2Qom,Matterport3D,19,20,0
obs_132842,Matterport3D:VFuaQ6m2Qom,Matterport3D,17,0,1
obs_132842,Matterport3D:VFuaQ6m2Qom,Matterport3D,17,10,1
obs_132842,Matterport3D:VFuaQ6m2Qom,Matterport3D,17,20,1
obs_132842,Matterport3D:VFuaQ6m2Qom,Matterport3D,0,0,1
obs_132842,Matterport3D:VFuaQ6m2Qom,Matterport3D,0,10,1
obs_132842,Matterport3D:VFuaQ6m2Qom,Matterport3D,0,20,1
obs_132842,Matterport3D:VFuaQ6m2Qom,Matterport3D,1,0,1
obs_132842,Matterport3D:VFuaQ6m2Qom,Matterport3D,1,10,1
obs_132842,Matterport3D:VFuaQ6m2Qom,Matterport3D,1,20,1
obs_132842,Matterport3D:VFuaQ6m2Qom,Matterport3D,24,0,1
obs_132842,Matterport3D:VFuaQ6m2Qom,Matterport3D,24,10,0
obs_132842,Matterport3D:VFuaQ6m2Qom,Matterport3D,24,20,0
obs_132842,Matterport3D:VFuaQ6m2Qom,Matterport3D,7,0,1
obs_132842,Matterport3D:VFuaQ6m2Qom,Matterport3D,7,10,1
obs_132842,Matterport3D:VFuaQ6m2Qom,Matterport3D,7,20,1
obs_132842,Matterport3D:VFuaQ6m2Qom,Matterport3D,29,0,1
obs_132842,Matterport3D:VFuaQ6m2Qom,Matterport3D,29,10,0
obs_132842,Matterport3D:VFuaQ6m2Qom,Matterport3D,29,20,0
obs_132842,Matterport3D:VFuaQ6m2Qom,Matterport3D,6,0,1
obs_132842,Matterport3D:VFuaQ6m2Qom,Matterport3D,6,10,1
obs_132842,Matterport3D:VFuaQ6m2Qom,Matterport3D,6,20,1
obs_132842,Matterport3D:VFuaQ6m2Qom,Matterport3D,23,0,1
obs_132842,Matterport3D:VFuaQ6m2Qom,Matterport3D,23,10,1
obs_132842,Matterport3D:VFuaQ6m2Qom,Matterport3D,23,20,1
obs_132842,Matterport3D:VFuaQ6m2Qom,Matterport3D,4,0,1
obs_132842,Matterport3D:VFuaQ6m2Qom,Matterport3D,4,10,1
obs_132842,Matterport3D:VFuaQ6m2Qom,Matterport3D,4,20,1
obs_132842,Matterport3D:VFuaQ6m2Qom,Matterport3D,3,0,1
obs_132842,Matterport3D:VFuaQ6m2Qom,Matterport3D,3,10,1
obs_132842,Matterport3D:VFuaQ6m2Qom,Matterport3D,3,20,1
obs_132842,Matterport3D:VFuaQ6m2Qom,Matterport3D,13,0,1
obs_132842,Matterport3D:VFuaQ6m2Qom,Matterport3D,13,10,1
obs_132842,Matterport3D:VFuaQ6m2Qom,Matterport3D,13,20,1
obs_132842,Matterport3D:VFuaQ6m2Qom,Matterport3D,2,0,1
obs_132842,Matterport3D:VFuaQ6m2Qom,Matterport3D,2,10,1
obs_132842,Matterport3D:VFuaQ6m2Qom,Matterport3D,2,20,1
obs_132842,Matterport3D:VFuaQ6m2Qom,Matterport3D,35,0,1
obs_132842,Matterport3D:VFuaQ6m2Qom,Matterport3D,35,10,0
obs_132842,Matterport3D:VFuaQ6m2Qom,Matterport3D,35,20,0
obs_132842,Matterport3D:VFuaQ6m2Qom,Matterport3D,25,0,1
obs_132842,Matterport3D:VFuaQ6m2Qom,Matterport3D,25,10,0
obs_132842,Matterport3D:VFuaQ6m2Qom,Matterport3D,25,20,0
obs_132842,Matterport3D:VFuaQ6m2Qom,Matterport3D,18,0,1
obs_132842,Matterport3D:VFuaQ6m2Qom,Matterport3D,18,10,1
obs_132842,Matterport3D:VFuaQ6m2Qom,Matterport3D,18,20,1
obs_132842,Matterport3D:VFuaQ6m2Qom,Matterport3D,5,0,1
obs_132842,Matterport3D:VFuaQ6m2Qom,Matterport3D,5,10,1
obs_132842,Matterport3D:VFuaQ6m2Qom,Matterport3D,5,20,1
obs_130240,Matterport3D:rqfALeAoiTq,Matterport3D,7,0,1
obs_130240,Matterport3D:rqfALeAoiTq,Matterport3D,7,10,1
obs_130240,Matterport3D:rqfALeAoiTq,Matterport3D,7,20,1
obs_130240,Matterport3D:rqfALeAoiTq,Matterport3D,5,0,1
obs_130240,Matterport3D:rqfALeAoiTq,Matterport3D,5,10,1
obs_130240,Matterport3D:rqfALeAoiTq,Matterport3D,5,20,1
obs_130240,Matterport3D:rqfALeAoiTq,Matterport3D,31,0,0
obs_130240,Matterport3D:rqfALeAoiTq,Matterport3D,31,10,0
obs_130240,Matterport3D:rqfALeAoiTq,Matterport3D,31,20,0
obs_130240,Matterport3D:rqfALeAoiTq,Matterport3D,6,0,1
obs_130240,Matterport3D:rqfALeAoiTq,Matterport3D,6,10,1
obs_130240,Matterport3D:rqfALeAoiTq,Matterport3D,6,20,1
obs_130240,Matterport3D:rqfALeAoiTq,Matterport3D,4,0,1
obs_130240,Matterport3D:rqfALeAoiTq,Matterport3D,4,10,0
obs_130240,Matterport3D:rqfALeAoiTq,Matterport3D,4,20,0
obs_130240,Matterport3D:rqfALeAoiTq,Matterport3D,30,0,1
obs_130240,Matterport3D:rqfALeAoiTq,Matterport3D,30,10,0
obs_130240,Matterport3D:rqfALeAoiTq,Matterport3D,30,20,0
obs_130240,Matterport3D:rqfALeAoiTq,Matterport3D,3,0,1
obs_130240,Matterport3D:rqfALeAoiTq,Matterport3D,3,10,0
obs_130240,Matterport3D:rqfALeAoiTq,Matterport3D,3,20,0
obs_130240,Matterport3D:rqfALeAoiTq,Matterport3D,18,0,1
obs_130240,Matterport3D:rqfALeAoiTq,Matterport3D,18,10,1
obs_130240,Matterport3D:rqfALeAoiTq,Matterport3D,18,20,1
obs_130240,Matterport3D:rqfALeAoiTq,Matterport3D,17,0,1
obs_130240,Matterport3D:rqfALeAoiTq,Matterport3D,17,10,0
obs_130240,Matterport3D:rqfALeAoiTq,Matterport3D,17,20,0
obs_114561,Matterport3D:EDJbREhghzL,Matterport3D,2,0,1
obs_114561,Matterport3D:EDJbREhghzL,Matterport3D,2,10,1
obs_114561,Matterport3D:EDJbREhghzL,Matterport3D,2,20,1
obs_114561,Matterport3D:EDJbREhghzL,Matterport3D,3,0,1
obs_114561,Matterport3D:EDJbREhghzL,Matterport3D,3,10,1
obs_114561,Matterport3D:EDJbREhghzL,Matterport3D,3,20,1
obs_114561,Matterport3D:EDJbREhghzL,Matterport3D,25,0,1
obs_114561,Matterport3D:EDJbREhghzL,Matterport3D,25,10,0
obs_114561,Matterport3D:EDJbREhghzL,Matterport3D,25,20,0
obs_114561,Matterport3D:EDJbREhghzL,Matterport3D,5,0,1
obs_114561,Matterport3D:EDJbREhghzL,Matterport3D,5,10,1
obs_114561,Matterport3D:EDJbREhghzL,Matterport3D,5,20,0
obs_114561,Matterport3D:EDJbREhghzL,Matterport3D,18,0,1
obs_114561,Matterport3D:EDJbREhghzL,Matterport3D,18,10,0
obs_114561,Matterport3D:EDJbREhghzL,Matterport3D,18,20,0
obs_114561,Matterport3D:EDJbREhghzL,Matterport3D,19,0,1
obs_114561,Matterport3D:EDJbREhghzL,Matterport3D,19,10,0
obs_114561,Matterport3D:EDJbREhghzL,Matterport3D,19,20,0
obs_114561,Matterport3D:EDJbREhghzL,Matterport3D,7,0,1
obs_114561,Matterport3D:EDJbREhghzL,Matterport3D,7,10,0
obs_114561,Matterport3D:EDJbREhghzL,Matterport3D,7,20,0
obs_114561,Matterport3D:EDJbREhghzL,Matterport3D,29,0,0
obs_114561,Matterport3D:EDJbREhghzL,Matterport3D,29,10,0
obs_114561,Matterport3D:EDJbREhghzL,Matterport3D,29,20,0
obs_114561,Matterport3D:EDJbREhghzL,Matterport3D,23,0,1
obs_114561,Matterport3D:EDJbREhghzL,Matterport3D,23,10,0
obs_114561,Matterport3D:EDJbREhghzL,Matterport3D,23,20,0
obs_114561,Matterport3D:EDJbREhghzL,Matterport3D,4,0,1
obs_114561,Matterport3D:EDJbREhghzL,Matterport3D,4,10,1
obs_114561,Matterport3D:EDJbREhghzL,Matterport3D,4,20,1
obs_114561,Matterport3D:EDJbREhghzL,Matterport3D,35,0,1
obs_114561,Matterport3D:EDJbREhghzL,Matterport3D,35,10,0
obs_114561,Matterport3D:EDJbREhghzL,Matterport3D,35,20,0
obs_114561,Matterport3D:EDJbREhghzL,Matterport3D,6,0,1
obs_114561,Matterport3D:EDJbREhghzL,Matterport3D,6,10,0
obs_114561,Matterport3D:EDJbREhghzL,Matterport3D,6,20,0
obs_114561,Matterport3D:EDJbREhghzL,Matterport3D,0,0,1
obs_114561,Matterport3D:EDJbREhghzL,Matterport3D,0,10,1
obs_114561,Matterport3D:EDJbREhghzL,Matterport3D,0,20,1
obs_114561,Matterport3D:EDJbREhghzL,Matterport3D,24,0,1
obs_114561,Matterport3D:EDJbREhghzL,Matterport3D,24,10,0
obs_114561,Matterport3D:EDJbREhghzL,Matterport3D,24,20,0
obs_114561,Matterport3D:EDJbREhghzL,Matterport3D,13,0,1
obs_114561,Matterport3D:EDJbREhghzL,Matterport3D,13,10,1
obs_114561,Matterport3D:EDJbREhghzL,Matterport3D,13,20,1
obs_114561,Matterport3D:EDJbREhghzL,Matterport3D,12,0,1
obs_114561,Matterport3D:EDJbREhghzL,Matterport3D,12,10,1
obs_114561,Matterport3D:EDJbREhghzL,Matterport3D,12,20,1
obs_114561,Matterport3D:EDJbREhghzL,Matterport3D,1,0,1
obs_114561,Matterport3D:EDJbREhghzL,Matterport3D,1,10,1
obs_114561,Matterport3D:EDJbREhghzL,Matterport3D,1,20,1
obs_114561,Matterport3D:EDJbREhghzL,Matterport3D,17,0,1
obs_114561,Matterport3D:EDJbREhghzL,Matterport3D,17,10,0
obs_114561,Matterport3D:EDJbREhghzL,Matterport3D,17,20,0
obs_114561,Matterport3D:EDJbREhghzL,Matterport3D,11,0,1
obs_114561,Matterport3D:EDJbREhghzL,Matterport3D,11,10,1
obs_114561,Matterport3D:EDJbREhghzL,Matterport3D,11,20,1
obs_114561,Matterport3D:EDJbREhghzL,Matterport3D,30,0,1
obs_114561,Matterport3D:EDJbREhghzL,Matterport3D,30,10,0
obs_114561,Matterport3D:EDJbREhghzL,Matterport3D,30,20,0
obs_114561,Matterport3D:EDJbREhghzL,Matterport3D,31,0,1
obs_114561,Matterport3D:EDJbREhghzL,Matterport3D,31,10,0
obs_114561,Matterport3D:EDJbREhghzL,Matterport3D,31,20,0
obs_101106,Matterport3D:HxpKQynjfin,Matterport3D,11,0,1
obs_101106,Matterport3D:HxpKQynjfin,Matterport3D,11,10,0
obs_101106,Matterport3D:HxpKQynjfin,Matterport3D,11,20,0
obs_101106,Matterport3D:HxpKQynjfin,Matterport3D,23,0,1
obs_101106,Matterport3D:HxpKQynjfin,Matterport3D,23,10,0
obs_101106,Matterport3D:HxpKQynjfin,Matterport3D,23,20,0
obs_101106,Matterport3D:HxpKQynjfin,Matterport3D,35,0,1
obs_101106,Matterport3D:HxpKQynjfin,Matterport3D,35,10,0
obs_101106,Matterport3D:HxpKQynjfin,Matterport3D,35,20,0
obs_101106,Matterport3D:HxpKQynjfin,Matterport3D,13,0,1
obs_101106,Matterport3D:HxpKQynjfin,Matterport3D,13,10,0
obs_101106,Matterport3D:HxpKQynjfin,Matterport3D,13,20,0
obs_101106,Matterport3D:HxpKQynjfin,Matterport3D,24,0,1
obs_101106,Matterport3D:HxpKQynjfin,Matterport3D,24,10,0
obs_101106,Matterport3D:HxpKQynjfin,Matterport3D,24,20,0
obs_101106,Matterport3D:HxpKQynjfin,Matterport3D,1,0,1
obs_101106,Matterport3D:HxpKQynjfin,Matterport3D,1,10,0
obs_101106,Matterport3D:HxpKQynjfin,Matterport3D,1,20,0
obs_101106,Matterport3D:HxpKQynjfin,Matterport3D,12,0,1
obs_101106,Matterport3D:HxpKQynjfin,Matterport3D,12,10,0
obs_101106,Matterport3D:HxpKQynjfin,Matterport3D,12,20,0
obs_101106,Matterport3D:HxpKQynjfin,Matterport3D,4,0,0
obs_101106,Matterport3D:HxpKQynjfin,Matterport3D,4,10,0
obs_101106,Matterport3D:HxpKQynjfin,Matterport3D,4,20,0
obs_101106,Matterport3D:HxpKQynjfin,Matterport3D,0,0,1
obs_101106,Matterport3D:HxpKQynjfin,Matterport3D,0,10,0
obs_101106,Matterport3D:HxpKQynjfin,Matterport3D,0,20,0
obs_101106,Matterport3D:HxpKQynjfin,Matterport3D,3,0,0
obs_101106,Matterport3D:HxpKQynjfin,Matterport3D,3,10,0
obs_101106,Matterport3D:HxpKQynjfin,Matterport3D,3,20,0
obs_101106,Matterport3D:HxpKQynjfin,Matterport3D,25,0,1
obs_101106,Matterport3D:HxpKQynjfin,Matterport3D,25,10,0
obs_101106,Matterport3D:HxpKQynjfin,Matterport3D,25,20,0
obs_101106,Matterport3D:HxpKQynjfin,Matterport3D,2,0,1
obs_101106,Matterport3D:HxpKQynjfin,Matterport3D,2,10,0
obs_101106,Matterport3D:HxpKQynjfin,Matterport3D,2,20,0
obs_114394,Matterport3D:Uxmj2M2itWa,Matterport3D,35,0,1
obs_114394,Matterport3D:Uxmj2M2itWa,Matterport3D,35,10,0
obs_114394,Matterport3D:Uxmj2M2itWa,Matterport3D,35,20,0
obs_114394,Matterport3D:Uxmj2M2itWa,Matterport3D,1,0,1
obs_114394,Matterport3D:Uxmj2M2itWa,Matterport3D,1,10,0
obs_114394,Matterport3D:Uxmj2M2itWa,Matterport3D,1,20,0
obs_114394,Matterport3D:Uxmj2M2itWa,Matterport3D,0,0,1
obs_114394,Matterport3D:Uxmj2M2itWa,Matterport3D,0,10,0
obs_114394,Matterport3D:Uxmj2M2itWa,Matterport3D,0,20,0
obs_114394,Matterport3D:Uxmj2M2itWa,Matterport3D,23,0,1
obs_114394,Matterport3D:Uxmj2M2itWa,Matterport3D,23,10,0
obs_114394,Matterport3D:Uxmj2M2itWa,Matterport3D,23,20,0
obs_114394,Matterport3D:Uxmj2M2itWa,Matterport3D,12,0,0
obs_114394,Matterport3D:Uxmj2M2itWa,Matterport3D,12,10,0
obs_114394,Matterport3D:Uxmj2M2itWa,Matterport3D,12,20,0
obs_114394,Matterport3D:Uxmj2M2itWa,Matterport3D,10,0,1
obs_114394,Matterport3D:Uxmj2M2itWa,Matterport3D,10,10,0
obs_114394,Matterport3D:Uxmj2M2itWa,Matterport3D,10,20,0
obs_114394,Matterport3D:Uxmj2M2itWa,Matterport3D,11,0,1
obs_114394,Matterport3D:Uxmj2M2itWa,Matterport3D,11,10,0
obs_114394,Matterport3D:Uxmj2M2itWa,Matterport3D,11,20,0
obs_114394,Matterport3D:Uxmj2M2itWa,Matterport3D,4,0,0
obs_114394,Matterport3D:Uxmj2M2itWa,Matterport3D,4,10,0
obs_114394,Matterport3D:Uxmj2M2itWa,Matterport3D,4,20,0
obs_114394,Matterport3D:Uxmj2M2itWa,Matterport3D,24,0,0
obs_114394,Matterport3D:Uxmj2M2itWa,Matterport3D,24,10,0
obs_114394,Matterport3D:Uxmj2M2itWa,Matterport3D,24,20,0
obs_140368,Matterport3D:YFuZgdQ5vWj,Matterport3D,7,0,1
obs_140368,Matterport3D:YFuZgdQ5vWj,Matterport3D,7,10,0
obs_140368,Matterport3D:YFuZgdQ5vWj,Matterport3D,7,20,0
obs_140368,Matterport3D:YFuZgdQ5vWj,Matterport3D,1,0,0
obs_140368,Matterport3D:YFuZgdQ5vWj,Matterport3D,1,10,0
obs_140368,Matterport3D:YFuZgdQ5vWj,Matterport3D,1,20,0
obs_140368,Matterport3D:YFuZgdQ5vWj,Matterport3D,5,0,1
obs_140368,Matterport3D:YFuZgdQ5vWj,Matterport3D,5,10,0
obs_140368,Matterport3D:YFuZgdQ5vWj,Matterport3D,5,20,0
obs_140368,Matterport3D:YFuZgdQ5vWj,Matterport3D,24,0,0
obs_140368,Matterport3D:YFuZgdQ5vWj,Matterport3D,24,10,0
obs_140368,Matterport3D:YFuZgdQ5vWj,Matterport3D,24,20,0
obs_140368,Matterport3D:YFuZgdQ5vWj,Matterport3D,12,0,0
obs_140368,Matterport3D:YFuZgdQ5vWj,Matterport3D,12,10,0
obs_140368,Matterport3D:YFuZgdQ5vWj,Matterport3D,12,20,0
obs_140368,Matterport3D:YFuZgdQ5vWj,Matterport3D,6,0,1
obs_140368,Matterport3D:YFuZgdQ5vWj,Matterport3D,6,10,0
obs_140368,Matterport3D:YFuZgdQ5vWj,Matterport3D,6,20,0
obs_140368,Matterport3D:YFuZgdQ5vWj,Matterport3D,23,0,1
obs_140368,Matterport3D:YFuZgdQ5vWj,Matterport3D,23,10,0
obs_140368,Matterport3D:YFuZgdQ5vWj,Matterport3D,23,20,0
obs_140368,Matterport3D:YFuZgdQ5vWj,Matterport3D,4,0,1
obs_140368,Matterport3D:YFuZgdQ5vWj,Matterport3D,4,10,0
obs_140368,Matterport3D:YFuZgdQ5vWj,Matterport3D,4,20,0
obs_140368,Matterport3D:YFuZgdQ5vWj,Matterport3D,19,0,1
obs_140368,Matterport3D:YFuZgdQ5vWj,Matterport3D,19,10,0
obs_140368,Matterport3D:YFuZgdQ5vWj,Matterport3D,19,20,0
obs_140368,Matterport3D:YFuZgdQ5vWj,Matterport3D,35,0,1
obs_140368,Matterport3D:YFuZgdQ5vWj,Matterport3D,35,10,0
obs_140368,Matterport3D:YFuZgdQ5vWj,Matterport3D,35,20,0
obs_140368,Matterport3D:YFuZgdQ5vWj,Matterport3D,11,0,1
obs_140368,Matterport3D:YFuZgdQ5vWj,Matterport3D,11,10,0
obs_140368,Matterport3D:YFuZgdQ5vWj,Matterport3D,11,20,0
obs_115854,Matterport3D:Z6MFQCViBuw,Matterport3D,7,0,1
obs_115854,Matterport3D:Z6MFQCViBuw,Matterport3D,7,10,0
obs_115854,Matterport3D:Z6MFQCViBuw,Matterport3D,7,20,0
obs_115854,Matterport3D:Z6MFQCViBuw,Matterport3D,19,0,1
obs_115854,Matterport3D:Z6MFQCViBuw,Matterport3D,19,10,0
obs_115854,Matterport3D:Z6MFQCViBuw,Matterport3D,19,20,0
obs_115854,Matterport3D:Z6MFQCViBuw,Matterport3D,6,0,1
obs_115854,Matterport3D:Z6MFQCViBuw,Matterport3D,6,10,0
obs_115854,Matterport3D:Z6MFQCViBuw,Matterport3D,6,20,0
obs_115854,Matterport3D:Z6MFQCViBuw,Matterport3D,5,0,1
obs_115854,Matterport3D:Z6MFQCViBuw,Matterport3D,5,10,0
obs_115854,Matterport3D:Z6MFQCViBuw,Matterport3D,5,20,0
obs_115854,Matterport3D:Z6MFQCViBuw,Matterport3D,4,0,0
obs_115854,Matterport3D:Z6MFQCViBuw,Matterport3D,4,10,0
obs_115854,Matterport3D:Z6MFQCViBuw,Matterport3D,4,20,0
obs_115854,Matterport3D:Z6MFQCViBuw,Matterport3D,31,0,1
obs_115854,Matterport3D:Z6MFQCViBuw,Matterport3D,31,10,0
obs_115854,Matterport3D:Z6MFQCViBuw,Matterport3D,31,20,0
obs_157856,ScanNet:scene0355,ScanNet,19,0,1
obs_157856,ScanNet:scene0355,ScanNet,19,10,0
obs_157856,ScanNet:scene0355,ScanNet,19,20,0
obs_157856,ScanNet:scene0355,ScanNet,13,0,1
obs_157856,ScanNet:scene0355,ScanNet,13,10,0
obs_157856,ScanNet:scene0355,ScanNet,13,20,0
obs_157856,ScanNet:scene0355,ScanNet,24,0,0
obs_157856,ScanNet:scene0355,ScanNet,24,10,0
obs_157856,ScanNet:scene0355,ScanNet,24,20,0
obs_157856,ScanNet:scene0355,ScanNet,4,0,1
obs_157856,ScanNet:scene0355,ScanNet,4,10,0
obs_157856,ScanNet:scene0355,ScanNet,4,20,0
obs_157856,ScanNet:scene0355,ScanNet,29,0,0
obs_157856,ScanNet:scene0355,ScanNet,29,10,0
obs_157856,ScanNet:scene0355,ScanNet,29,20,0
obs_157856,ScanNet:scene0355,ScanNet,6,0,1
obs_157856,ScanNet:scene0355,ScanNet,6,10,0
obs_157856,ScanNet:scene0355,ScanNet,6,20,0
obs_157856,ScanNet:scene0355,ScanNet,11,0,1
obs_157856,ScanNet:scene0355,ScanNet,11,10,0
obs_157856,ScanNet:scene0355,ScanNet,11,20,0
obs_157856,ScanNet:scene0355,ScanNet,25,0,1
obs_157856,ScanNet:scene0355,ScanNet,25,10,0
obs_157856,ScanNet:scene0355,ScanNet,25,20,0
obs_157856,ScanNet:scene0355,ScanNet,2,0,1
obs_157856,ScanNet:scene0355,ScanNet,2,10,0
obs_157856,ScanNet:scene0355,ScanNet,2,20,0
obs_157856,ScanNet:scene0355,ScanNet,1,0,1
obs_157856,ScanNet:scene0355,ScanNet,1,10,0
obs_157856,ScanNet:scene0355,ScanNet,1,20,0
obs_157856,ScanNet:scene0355,ScanNet,18,0,1
obs_157856,ScanNet:scene0355,ScanNet,18,10,0
obs_157856,ScanNet:scene0355,ScanNet,18,20,0
obs_157856,ScanNet:scene0355,ScanNet,17,0,1
obs_157856,ScanNet:scene0355,ScanNet,17,10,0
obs_157856,ScanNet:scene0355,ScanNet,17,20,0
obs_157856,ScanNet:scene0355,ScanNet,31,0,0
obs_157856,ScanNet:scene0355,ScanNet,31,10,0
obs_157856,ScanNet:scene0355,ScanNet,31,20,0
obs_157856,ScanNet:scene0355,ScanNet,7,0,1
obs_157856,ScanNet:scene0355,ScanNet,7,10,0
obs_157856,ScanNet:scene0355,ScanNet,7,20,0
obs_157856,ScanNet:scene0355,ScanNet,23,0,1
obs_157856,ScanNet:scene0355,ScanNet,23,10,0
obs_157856,ScanNet:scene0355,ScanNet,23,20,0
obs_157856,ScanNet:scene0355,ScanNet,30,0,0
obs_157856,ScanNet:scene0355,ScanNet,30,10,0
obs_157856,ScanNet:scene0355,ScanNet,30,20,0
obs_157856,ScanNet:scene0355,ScanNet,12,0,1
obs_157856,ScanNet:scene0355,ScanNet,12,10,0
obs_157856,ScanNet:scene0355,ScanNet,12,20,0
obs_157856,ScanNet:scene0355,ScanNet,5,0,1
obs_157856,ScanNet:scene0355,ScanNet,5,10,0
obs_157856,ScanNet:scene0355,ScanNet,5,20,0
obs_157856,ScanNet:scene0355,ScanNet,0,0,1
obs_157856,ScanNet:scene0355,ScanNet,0,10,0
obs_157856,ScanNet:scene0355,ScanNet,0,20,0
obs_157856,ScanNet:scene0355,ScanNet,3,0,1
obs_157856,ScanNet:scene0355,ScanNet,3,10,0
obs_157856,ScanNet:scene0355,ScanNet,3,20,0
obs_146560,ScanNet:scene0170,ScanNet,1,0,1
obs_146560,ScanNet:scene0170,ScanNet,1,10,0
obs_146560,ScanNet:scene0170,ScanNet,1,20,0
obs_146560,ScanNet:scene0170,ScanNet,6,0,1
obs_146560,ScanNet:scene0170,ScanNet,6,10,0
obs_146560,ScanNet:scene0170,ScanNet,6,20,0
obs_146560,ScanNet:scene0170,ScanNet,24,0,0
obs_146560,ScanNet:scene0170,ScanNet,24,10,0
obs_146560,ScanNet:scene0170,ScanNet,24,20,0
obs_146560,ScanNet:scene0170,ScanNet,2,0,1
obs_146560,ScanNet:scene0170,ScanNet,2,10,0
obs_146560,ScanNet:scene0170,ScanNet,2,20,0
obs_146560,ScanNet:scene0170,ScanNet,4,0,1
obs_146560,ScanNet:scene0170,ScanNet,4,10,0
obs_146560,ScanNet:scene0170,ScanNet,4,20,0
obs_146560,ScanNet:scene0170,ScanNet,3,0,1
obs_146560,ScanNet:scene0170,ScanNet,3,10,0
obs_146560,ScanNet:scene0170,ScanNet,3,20,0
obs_146560,ScanNet:scene0170,ScanNet,25,0,0
obs_146560,ScanNet:scene0170,ScanNet,25,10,0
obs_146560,ScanNet:scene0170,ScanNet,25,20,0
obs_146560,ScanNet:scene0170,ScanNet,18,0,1
obs_146560,ScanNet:scene0170,ScanNet,18,10,0
obs_146560,ScanNet:scene0170,ScanNet,18,20,0
obs_146560,ScanNet:scene0170,ScanNet,13,0,0
obs_146560,ScanNet:scene0170,ScanNet,13,10,0
obs_146560,ScanNet:scene0170,ScanNet,13,20,0
obs_146560,ScanNet:scene0170,ScanNet,29,0,1
obs_146560,ScanNet:scene0170,ScanNet,29,10,0
obs_146560,ScanNet:scene0170,ScanNet,29,20,0
obs_146560,ScanNet:scene0170,ScanNet,11,0,0
obs_146560,ScanNet:scene0170,ScanNet,11,10,0
obs_146560,ScanNet:scene0170,ScanNet,11,20,0
obs_146560,ScanNet:scene0170,ScanNet,5,0,1
obs_146560,ScanNet:scene0170,ScanNet,5,10,0
obs_146560,ScanNet:scene0170,ScanNet,5,20,0
obs_146560,ScanNet:scene0170,ScanNet,0,0,1
obs_146560,ScanNet:scene0170,ScanNet,0,10,0
obs_146560,ScanNet:scene0170,ScanNet,0,20,0
obs_146560,ScanNet:scene0170,ScanNet,23,0,1
obs_146560,ScanNet:scene0170,ScanNet,23,10,0
obs_146560,ScanNet:scene0170,ScanNet,23,20,0
obs_146560,ScanNet:scene0170,ScanNet,17,0,1
obs_146560,ScanNet:scene0170,ScanNet,17,10,0
obs_146560,ScanNet:scene0170,ScanNet,17,20,0
obs_146560,ScanNet:scene0170,ScanNet,7,0,1
obs_146560,ScanNet:scene0170,ScanNet,7,10,0
obs_146560,ScanNet:scene0170,ScanNet,7,20,0
obs_146560,ScanNet:scene0170,ScanNet,19,0,0
obs_146560,ScanNet:scene0170,ScanNet,19,10,0
obs_146560,ScanNet:scene0170,ScanNet,19,20,0
obs_153173,ScanNet:scene0629,ScanNet,35,0,1
obs_153173,ScanNet:scene0629,ScanNet,35,10,0
obs_153173,ScanNet:scene0629,ScanNet,35,20,0
obs_153173,ScanNet:scene0629,ScanNet,6,0,0
obs_153173,ScanNet:scene0629,ScanNet,6,10,0
obs_153173,ScanNet:scene0629,ScanNet,6,20,0
obs_153173,ScanNet:scene0629,ScanNet,11,0,1
obs_153173,ScanNet:scene0629,ScanNet,11,10,0
obs_153173,ScanNet:scene0629,ScanNet,11,20,0
obs_153173,ScanNet:scene0629,ScanNet,19,0,0
obs_153173,ScanNet:scene0629,ScanNet,19,10,0
obs_153173,ScanNet:scene0629,ScanNet,19,20,0
obs_153173,ScanNet:scene0629,ScanNet,23,0,1
obs_153173,ScanNet:scene0629,ScanNet,23,10,0
obs_153173,ScanNet:scene0629,ScanNet,23,20,0
obs_153173,ScanNet:scene0629,ScanNet,7,0,0
obs_153173,ScanNet:scene0629,ScanNet,7,10,0
obs_153173,ScanNet:scene0629,ScanNet,7,20,0
obs_158518,ScanNet:scene0443,ScanNet,5,0,0
obs_158518,ScanNet:scene0443,ScanNet,5,10,0
obs_158518,ScanNet:scene0443,ScanNet,5,20,0
obs_158518,ScanNet:scene0443,ScanNet,6,0,0
obs_158518,ScanNet:scene0443,ScanNet,6,10,0
obs_158518,ScanNet:scene0443,ScanNet,6,20,0
obs_158518,ScanNet:scene0443,ScanNet,2,0,0
obs_158518,ScanNet:scene0443,ScanNet,2,10,0
obs_158518,ScanNet:scene0443,ScanNet,2,20,0
obs_158518,ScanNet:scene0443,ScanNet,7,0,0
obs_158518,ScanNet:scene0443,ScanNet,7,10,0
obs_158518,ScanNet:scene0443,ScanNet,7,20,0
obs_158518,ScanNet:scene0443,ScanNet,3,0,0
obs_158518,ScanNet:scene0443,ScanNet,3,10,0
obs_158518,ScanNet:scene0443,ScanNet,3,20,0
obs_158518,ScanNet:scene0443,ScanNet,9,0,1
obs_158518,ScanNet:scene0443,ScanNet,9,10,0
obs_158518,ScanNet:scene0443,ScanNet,9,20,0
obs_158518,ScanNet:scene0443,ScanNet,4,0,0
obs_158518,ScanNet:scene0443,ScanNet,4,10,0
obs_158518,ScanNet:scene0443,ScanNet,4,20,0
obs_157947,ScanNet:scene0241,ScanNet,0,0,1
obs_157947,ScanNet:scene0241,ScanNet,0,10,0
obs_157947,ScanNet:scene0241,ScanNet,0,20,0
obs_157947,ScanNet:scene0241,ScanNet,35,0,1
obs_157947,ScanNet:scene0241,ScanNet,35,10,1
obs_157947,ScanNet:scene0241,ScanNet,35,20,0
obs_157947,ScanNet:scene0241,ScanNet,5,0,1
obs_157947,ScanNet:scene0241,ScanNet,5,10,0
obs_157947,ScanNet:scene0241,ScanNet,5,20,0
obs_157947,ScanNet:scene0241,ScanNet,8,0,1
obs_157947,ScanNet:scene0241,ScanNet,8,10,1
obs_157947,ScanNet:scene0241,ScanNet,8,20,0
obs_157947,ScanNet:scene0241,ScanNet,32,0,1
obs_157947,ScanNet:scene0241,ScanNet,32,10,0
obs_157947,ScanNet:scene0241,ScanNet,32,20,0
obs_157947,ScanNet:scene0241,ScanNet,18,0,1
obs_157947,ScanNet:scene0241,ScanNet,18,10,0
obs_157947,ScanNet:scene0241,ScanNet,18,20,0
obs_157947,ScanNet:scene0241,ScanNet,19,0,0
obs_157947,ScanNet:scene0241,ScanNet,19,10,0
obs_157947,ScanNet:scene0241,ScanNet,19,20,0
obs_157947,ScanNet:scene0241,ScanNet,4,0,1
obs_157947,ScanNet:scene0241,ScanNet,4,10,0
obs_157947,ScanNet:scene0241,ScanNet,4,20,0
obs_157947,ScanNet:scene0241,ScanNet,34,0,1
obs_157947,ScanNet:scene0241,ScanNet,34,10,1
obs_157947,ScanNet:scene0241,ScanNet,34,20,0
obs_157947,ScanNet:scene0241,ScanNet,6,0,1
obs_157947,ScanNet:scene0241,ScanNet,6,10,0
obs_157947,ScanNet:scene0241,ScanNet,6,20,0
obs_157947,ScanNet:scene0241,ScanNet,11,0,1
obs_157947,ScanNet:scene0241,ScanNet,11,10,0
obs_157947,ScanNet:scene0241,ScanNet,11,20,0
obs_157947,ScanNet:scene0241,ScanNet,31,0,0
obs_157947,ScanNet:scene0241,ScanNet,31,10,0
obs_157947,ScanNet:scene0241,ScanNet,31,20,0
obs_157947,ScanNet:scene0241,ScanNet,3,0,0
obs_157947,ScanNet:scene0241,ScanNet,3,10,0
obs_157947,ScanNet:scene0241,ScanNet,3,20,0
obs_157947,ScanNet:scene0241,ScanNet,1,0,1
obs_157947,ScanNet:scene0241,ScanNet,1,10,0
obs_157947,ScanNet:scene0241,ScanNet,1,20,0
obs_157947,ScanNet:scene0241,ScanNet,2,0,0
obs_157947,ScanNet:scene0241,ScanNet,2,10,0
obs_157947,ScanNet:scene0241,ScanNet,2,20,0
obs_157947,ScanNet:scene0241,ScanNet,7,0,1
obs_157947,ScanNet:scene0241,ScanNet,7,10,0
obs_157947,ScanNet:scene0241,ScanNet,7,20,0
obs_157947,ScanNet:scene0241,ScanNet,23,0,0
obs_157947,ScanNet:scene0241,ScanNet,23,10,0
obs_157947,ScanNet:scene0241,ScanNet,23,20,0
obs_157947,ScanNet:scene0241,ScanNet,30,0,0
obs_157947,ScanNet:scene0241,ScanNet,30,10,0
obs_157947,ScanNet:scene0241,ScanNet,30,20,0
obs_168309,ScanNet:scene0438,ScanNet,30,0,1
obs_168309,ScanNet:scene0438,ScanNet,30,10,0
obs_168309,ScanNet:scene0438,ScanNet,30,20,0
obs_168309,ScanNet:scene0438,ScanNet,5,0,1
obs_168309,ScanNet:scene0438,ScanNet,5,10,0
obs_168309,ScanNet:scene0438,ScanNet,5,20,0
obs_168309,ScanNet:scene0438,ScanNet,18,0,1
obs_168309,ScanNet:scene0438,ScanNet,18,10,0
obs_168309,ScanNet:scene0438,ScanNet,18,20,0
obs_168309,ScanNet:scene0438,ScanNet,1,0,1
obs_168309,ScanNet:scene0438,ScanNet,1,10,0
obs_168309,ScanNet:scene0438,ScanNet,1,20,0
obs_168309,ScanNet:scene0438,ScanNet,6,0,1
obs_168309,ScanNet:scene0438,ScanNet,6,10,0
obs_168309,ScanNet:scene0438,ScanNet,6,20,0
obs_168309,ScanNet:scene0438,ScanNet,31,0,1
obs_168309,ScanNet:scene0438,ScanNet,31,10,0
obs_168309,ScanNet:scene0438,ScanNet,31,20,0
obs_168309,ScanNet:scene0438,ScanNet,11,0,1
obs_168309,ScanNet:scene0438,ScanNet,11,10,0
obs_168309,ScanNet:scene0438,ScanNet,11,20,0
obs_168309,ScanNet:scene0438,ScanNet,13,0,1
obs_168309,ScanNet:scene0438,ScanNet,13,10,0
obs_168309,ScanNet:scene0438,ScanNet,13,20,0
obs_168309,ScanNet:scene0438,ScanNet,4,0,0
obs_168309,ScanNet:scene0438,ScanNet,4,10,0
obs_168309,ScanNet:scene0438,ScanNet,4,20,0
obs_168309,ScanNet:scene0438,ScanNet,29,0,0
obs_168309,ScanNet:scene0438,ScanNet,29,10,0
obs_168309,ScanNet:scene0438,ScanNet,29,20,0
obs_168309,ScanNet:scene0438,ScanNet,2,0,0
obs_168309,ScanNet:scene0438,ScanNet,2,10,0
obs_168309,ScanNet:scene0438,ScanNet,2,20,0
obs_168309,ScanNet:scene0438,ScanNet,19,0,1
obs_168309,ScanNet:scene0438,ScanNet,19,10,0
obs_168309,ScanNet:scene0438,ScanNet,19,20,0
obs_168309,ScanNet:scene0438,ScanNet,0,0,1
obs_168309,ScanNet:scene0438,ScanNet,0,10,0
obs_168309,ScanNet:scene0438,ScanNet,0,20,0
obs_168309,ScanNet:scene0438,ScanNet,17,0,0
obs_168309,ScanNet:scene0438,ScanNet,17,10,0
obs_168309,ScanNet:scene0438,ScanNet,17,20,0
obs_168309,ScanNet:scene0438,ScanNet,3,0,1
obs_168309,ScanNet:scene0438,ScanNet,3,10,0
obs_168309,ScanNet:scene0438,ScanNet,3,20,0
obs_164403,ScanNet:scene0382,ScanNet,30,0,1
obs_164403,ScanNet:scene0382,ScanNet,30,10,0
obs_164403,ScanNet:scene0382,ScanNet,30,20,0
obs_164403,ScanNet:scene0382,ScanNet,19,0,1
obs_164403,ScanNet:scene0382,ScanNet,19,10,0
obs_164403,ScanNet:scene0382,ScanNet,19,20,0
obs_164403,ScanNet:scene0382,ScanNet,31,0,1
obs_164403,ScanNet:scene0382,ScanNet,31,10,0
obs_164403,ScanNet:scene0382,ScanNet,31,20,0
obs_166408,ScanNet:scene0489,ScanNet,19,0,0
obs_166408,ScanNet:scene0489,ScanNet,19,10,0
obs_166408,ScanNet:scene0489,ScanNet,19,20,0
obs_166408,ScanNet:scene0489,ScanNet,2,0,1
obs_166408,ScanNet:scene0489,ScanNet,2,10,0
obs_166408,ScanNet:scene0489,ScanNet,2,20,0
obs_166408,ScanNet:scene0489,ScanNet,18,0,0
obs_166408,ScanNet:scene0489,ScanNet,18,10,0
obs_166408,ScanNet:scene0489,ScanNet,18,20,0
obs_166408,ScanNet:scene0489,ScanNet,1,0,1
obs_166408,ScanNet:scene0489,ScanNet,1,10,0
obs_166408,ScanNet:scene0489,ScanNet,1,20,0
obs_166408,ScanNet:scene0489,ScanNet,7,0,1
obs_166408,ScanNet:scene0489,ScanNet,7,10,0
obs_166408,ScanNet:scene0489,ScanNet,7,20,0
obs_166408,ScanNet:scene0489,ScanNet,6,0,1
obs_166408,ScanNet:scene0489,ScanNet,6,10,0
obs_166408,ScanNet:scene0489,ScanNet,6,20,0
obs_166408,ScanNet:scene0489,ScanNet,11,0,1
obs_166408,ScanNet:scene0489,ScanNet,11,10,0
obs_166408,ScanNet:scene0489,ScanNet,11,20,0
obs_166408,ScanNet:scene0489,ScanNet,31,0,0
obs_166408,ScanNet:scene0489,ScanNet,31,10,0
obs_166408,ScanNet:scene0489,ScanNet,31,20,0
obs_166408,ScanNet:scene0489,ScanNet,30,0,0
obs_166408,ScanNet:scene0489,ScanNet,30,10,0
obs_166408,ScanNet:scene0489,ScanNet,30,20,0
obs_166408,ScanNet:scene0489,ScanNet,35,0,1
obs_166408,ScanNet:scene0489,ScanNet,35,10,0
obs_166408,ScanNet:scene0489,ScanNet,35,20,0
obs_166408,ScanNet:scene0489,ScanNet,12,0,1
obs_166408,ScanNet:scene0489,ScanNet,12,10,0
obs_166408,ScanNet:scene0489,ScanNet,12,20,0
obs_166408,ScanNet:scene0489,ScanNet,4,0,0
obs_166408,ScanNet:scene0489,ScanNet,4,10,0
obs_166408,ScanNet:scene0489,ScanNet,4,20,0
obs_166408,ScanNet:scene0489,ScanNet,13,0,1
obs_166408,ScanNet:scene0489,ScanNet,13,10,0
obs_166408,ScanNet:scene0489,ScanNet,13,20,0
obs_166408,ScanNet:scene0489,ScanNet,3,0,0
obs_166408,ScanNet:scene0489,ScanNet,3,10,0
obs_166408,ScanNet:scene0489,ScanNet,3,20,0
obs_166408,ScanNet:scene0489,ScanNet,23,0,1
obs_166408,ScanNet:scene0489,ScanNet,23,10,0
obs_166408,ScanNet:scene0489,ScanNet,23,20,0
obs_166408,ScanNet:scene0489,ScanNet,5,0,0
obs_166408,ScanNet:scene0489,ScanNet,5,10,0
obs_166408,ScanNet:scene0489,ScanNet,5,20,0
obs_166408,ScanNet:scene0489,ScanNet,24,0,0
obs_166408,ScanNet:scene0489,ScanNet,24,10,0
obs_166408,ScanNet:scene0489,ScanNet,24,20,0
obs_166408,ScanNet:scene0489,ScanNet,0,0,1
obs_166408,ScanNet:scene0489,ScanNet,0,10,0
obs_166408,ScanNet:scene0489,ScanNet,0,20,0
obs_173909,ZInD:1246,ZInD,7,0,1
obs_173909,ZInD:1246,ZInD,7,10,0
obs_173909,ZInD:1246,ZInD,7,20,0
obs_173909,ZInD:1246,ZInD,25,0,1
obs_173909,ZInD:1246,ZInD,25,10,0
obs_173909,ZInD:1246,ZInD,25,20,0
obs_173909,ZInD:1246,ZInD,12,0,1
obs_173909,ZInD:1246,ZInD,12,10,0
obs_173909,ZInD:1246,ZInD,12,20,0
obs_173909,ZInD:1246,ZInD,1,0,1
obs_173909,ZInD:1246,ZInD,1,10,0
obs_173909,ZInD:1246,ZInD,1,20,0
obs_173909,ZInD:1246,ZInD,13,0,1
obs_173909,ZInD:1246,ZInD,13,10,0
obs_173909,ZInD:1246,ZInD,13,20,0
obs_173909,ZInD:1246,ZInD,19,0,0
obs_173909,ZInD:1246,ZInD,19,10,0
obs_173909,ZInD:1246,ZInD,19,20,0
obs_173909,ZInD:1246,ZInD,11,0,1
obs_173909,ZInD:1246,ZInD,11,10,0
obs_173909,ZInD:1246,ZInD,11,20,0
obs_173909,ZInD:1246,ZInD,23,0,1
obs_173909,ZInD:1246,ZInD,23,10,0
obs_173909,ZInD:1246,ZInD,23,20,0
obs_173909,ZInD:1246,ZInD,0,0,1
obs_173909,ZInD:1246,ZInD,0,10,0
obs_173909,ZInD:1246,ZInD,0,20,0
obs_228691,ZInD:1215,ZInD,18,0,1
obs_228691,ZInD:1215,ZInD,18,10,0
obs_228691,ZInD:1215,ZInD,18,20,0
obs_228691,ZInD:1215,ZInD,30,0,1
obs_228691,ZInD:1215,ZInD,30,10,0
obs_228691,ZInD:1215,ZInD,30,20,0
obs_228691,ZInD:1215,ZInD,35,0,1
obs_228691,ZInD:1215,ZInD,35,10,0
obs_228691,ZInD:1215,ZInD,35,20,0
obs_228691,ZInD:1215,ZInD,7,0,1
obs_228691,ZInD:1215,ZInD,7,10,0
obs_228691,ZInD:1215,ZInD,7,20,0
obs_228691,ZInD:1215,ZInD,19,0,1
obs_228691,ZInD:1215,ZInD,19,10,0
obs_228691,ZInD:1215,ZInD,19,20,0
obs_228691,ZInD:1215,ZInD,12,0,1
obs_228691,ZInD:1215,ZInD,12,10,0
obs_228691,ZInD:1215,ZInD,12,20,0
obs_228691,ZInD:1215,ZInD,23,0,1
obs_228691,ZInD:1215,ZInD,23,10,0
obs_228691,ZInD:1215,ZInD,23,20,0
obs_228691,ZInD:1215,ZInD,11,0,1
obs_228691,ZInD:1215,ZInD,11,10,0
obs_228691,ZInD:1215,ZInD,11,20,0
obs_228691,ZInD:1215,ZInD,6,0,1
obs_228691,ZInD:1215,ZInD,6,10,0
obs_228691,ZInD:1215,ZInD,6,20,0
obs_228691,ZInD:1215,ZInD,31,0,1
obs_228691,ZInD:1215,ZInD,31,10,0
obs_228691,ZInD:1215,ZInD,31,20,0
obs_228691,ZInD:1215,ZInD,0,0,1
obs_228691,ZInD:1215,ZInD,0,10,0
obs_228691,ZInD:1215,ZInD,0,20,0
obs_283473,ZInD:0349,ZInD,3,0,1
obs_283473,ZInD:0349,ZInD,3,10,1
obs_283473,ZInD:0349,ZInD,3,20,1
obs_283473,ZInD:0349,ZInD,1,0,1
obs_283473,ZInD:0349,ZInD,1,10,1
obs_283473,ZInD:0349,ZInD,1,20,1
obs_283473,ZInD:0349,ZInD,13,0,1
obs_283473,ZInD:0349,ZInD,13,10,1
obs_283473,ZInD:0349,ZInD,13,20,0
obs_283473,ZInD:0349,ZInD,11,0,1
obs_283473,ZInD:0349,ZInD,11,10,1
obs_283473,ZInD:0349,ZInD,11,20,0
obs_283473,ZInD:0349,ZInD,17,0,1
obs_283473,ZInD:0349,ZInD,17,10,1
obs_283473,ZInD:0349,ZInD,17,20,1
obs_283473,ZInD:0349,ZInD,5,0,1
obs_283473,ZInD:0349,ZInD,5,10,1
obs_283473,ZInD:0349,ZInD,5,20,1
obs_283473,ZInD:0349,ZInD,31,0,1
obs_283473,ZInD:0349,ZInD,31,10,1
obs_283473,ZInD:0349,ZInD,31,20,1
obs_283473,ZInD:0349,ZInD,4,0,1
obs_283473,ZInD:0349,ZInD,4,10,1
obs_283473,ZInD:0349,ZInD,4,20,1
obs_283473,ZInD:0349,ZInD,12,0,1
obs_283473,ZInD:0349,ZInD,12,10,1
obs_283473,ZInD:0349,ZInD,12,20,1
obs_283473,ZInD:0349,ZInD,30,0,1
obs_283473,ZInD:0349,ZInD,30,10,0
obs_283473,ZInD:0349,ZInD,30,20,0
obs_283473,ZInD:0349,ZInD,24,0,1
obs_283473,ZInD:0349,ZInD,24,10,0
obs_283473,ZInD:0349,ZInD,24,20,0
obs_283473,ZInD:0349,ZInD,19,0,1
obs_283473,ZInD:0349,ZInD,19,10,1
obs_283473,ZInD:0349,ZInD,19,20,1
obs_283473,ZInD:0349,ZInD,18,0,1
obs_283473,ZInD:0349,ZInD,18,10,1
obs_283473,ZInD:0349,ZInD,18,20,1
obs_283473,ZInD:0349,ZInD,6,0,1
obs_283473,ZInD:0349,ZInD,6,10,1
obs_283473,ZInD:0349,ZInD,6,20,1
obs_283473,ZInD:0349,ZInD,23,0,1
obs_283473,ZInD:0349,ZInD,23,10,1
obs_283473,ZInD:0349,ZInD,23,20,0
obs_283473,ZInD:0349,ZInD,7,0,1
obs_283473,ZInD:0349,ZInD,7,10,1
obs_283473,ZInD:0349,ZInD,7,20,1
obs_283473,ZInD:0349,ZInD,0,0,1
obs_283473,ZInD:0349,ZInD,0,10,1
obs_283473,ZInD:0349,ZInD,0,20,1
obs_283473,ZInD:0349,ZInD,35,0,1
obs_283473,ZInD:0349,ZInD,35,10,1
obs_283473,ZInD:0349,ZInD,35,20,1
obs_283473,ZInD:0349,ZInD,2,0,1
obs_283473,ZInD:0349,ZInD,2,10,1
obs_283473,ZInD:0349,ZInD,2,20,1
obs_283473,ZInD:0349,ZInD,29,0,1
obs_283473,ZInD:0349,ZInD,29,10,0
obs_283473,ZInD:0349,ZInD,29,20,0
obs_177028,ZInD:0103,ZInD,12,0,0
obs_177028,ZInD:0103,ZInD,12,10,0
obs_177028,ZInD:0103,ZInD,12,20,0
obs_177028,ZInD:0103,ZInD,30,0,0
obs_177028,ZInD:0103,ZInD,30,10,0
obs_177028,ZInD:0103,ZInD,30,20,0
obs_177028,ZInD:0103,ZInD,23,0,0
obs_177028,ZInD:0103,ZInD,23,10,0
obs_177028,ZInD:0103,ZInD,23,20,0
obs_177028,ZInD:0103,ZInD,3,0,1
obs_177028,ZInD:0103,ZInD,3,10,1
obs_177028,ZInD:0103,ZInD,3,20,1
obs_177028,ZInD:0103,ZInD,31,0,0
obs_177028,ZInD:0103,ZInD,31,10,0
obs_177028,ZInD:0103,ZInD,31,20,0
obs_177028,ZInD:0103,ZInD,5,0,1
obs_177028,ZInD:0103,ZInD,5,10,1
obs_177028,ZInD:0103,ZInD,5,20,1
obs_177028,ZInD:0103,ZInD,0,0,0
obs_177028,ZInD:0103,ZInD,0,10,0
obs_177028,ZInD:0103,ZInD,0,20,0
obs_177028,ZInD:0103,ZInD,4,0,1
obs_177028,ZInD:0103,ZInD,4,10,1
obs_177028,ZInD:0103,ZInD,4,20,1
obs_177028,ZInD:0103,ZInD,35,0,0
obs_177028,ZInD:0103,ZInD,35,10,0
obs_177028,ZInD:0103,ZInD,35,20,0
obs_177028,ZInD:0103,ZInD,11,0,0
obs_177028,ZInD:0103,ZInD,11,10,0
obs_177028,ZInD:0103,ZInD,11,20,0
obs_177028,ZInD:0103,ZInD,1,0,0
obs_177028,ZInD:0103,ZInD,1,10,0
obs_177028,ZInD:0103,ZInD,1,20,0
obs_177028,ZInD:0103,ZInD,19,0,0
obs_177028,ZInD:0103,ZInD,19,10,0
obs_177028,ZInD:0103,ZInD,19,20,0
obs_177028,ZInD:0103,ZInD,2,0,1
obs_177028,ZInD:0103,ZInD,2,10,1
obs_177028,ZInD:0103,ZInD,2,20,1
obs_177028,ZInD:0103,ZInD,17,0,1
obs_177028,ZInD:0103,ZInD,17,10,1
obs_177028,ZInD:0103,ZInD,17,20,1
obs_177028,ZInD:0103,ZInD,7,0,1
obs_177028,ZInD:0103,ZInD,7,10,1
obs_177028,ZInD:0103,ZInD,7,20,1
obs_177028,ZInD:0103,ZInD,6,0,1
obs_177028,ZInD:0103,ZInD,6,10,1
obs_177028,ZInD:0103,ZInD,6,20,1
obs_177028,ZInD:0103,ZInD,18,0,1
obs_177028,ZInD:0103,ZInD,18,10,0
obs_177028,ZInD:0103,ZInD,18,20,0
obs_177028,ZInD:0103,ZInD,29,0,1
obs_177028,ZInD:0103,ZInD,29,10,0
obs_177028,ZInD:0103,ZInD,29,20,0
obs_203894,ZInD:1288,ZInD,2,0,1
obs_203894,ZInD:1288,ZInD,2,10,1
obs_203894,ZInD:1288,ZInD,2,20,1
obs_203894,ZInD:1288,ZInD,0,0,1
obs_203894,ZInD:1288,ZInD,0,10,0
obs_203894,ZInD:1288,ZInD,0,20,0
obs_203894,ZInD:1288,ZInD,5,0,1
obs_203894,ZInD:1288,ZInD,5,10,1
obs_203894,ZInD:1288,ZInD,5,20,0
obs_203894,ZInD:1288,ZInD,6,0,1
obs_203894,ZInD:1288,ZInD,6,10,1
obs_203894,ZInD:1288,ZInD,6,20,1
obs_203894,ZInD:1288,ZInD,30,0,0
obs_203894,ZInD:1288,ZInD,30,10,0
obs_203894,ZInD:1288,ZInD,30,20,0
obs_203894,ZInD:1288,ZInD,31,0,0
obs_203894,ZInD:1288,ZInD,31,10,0
obs_203894,ZInD:1288,ZInD,31,20,0
obs_203894,ZInD:1288,ZInD,13,0,1
obs_203894,ZInD:1288,ZInD,13,10,1
obs_203894,ZInD:1288,ZInD,13,20,0
obs_203894,ZInD:1288,ZInD,3,0,1
obs_203894,ZInD:1288,ZInD,3,10,1
obs_203894,ZInD:1288,ZInD,3,20,0
obs_203894,ZInD:1288,ZInD,7,0,1
obs_203894,ZInD:1288,ZInD,7,10,1
obs_203894,ZInD:1288,ZInD,7,20,1
obs_203894,ZInD:1288,ZInD,4,0,1
obs_203894,ZInD:1288,ZInD,4,10,1
obs_203894,ZInD:1288,ZInD,4,20,0
obs_203894,ZInD:1288,ZInD,19,0,1
obs_203894,ZInD:1288,ZInD,19,10,1
obs_203894,ZInD:1288,ZInD,19,20,0
obs_203894,ZInD:1288,ZInD,25,0,0
obs_203894,ZInD:1288,ZInD,25,10,0
obs_203894,ZInD:1288,ZInD,25,20,0
obs_203894,ZInD:1288,ZInD,11,0,0
obs_203894,ZInD:1288,ZInD,11,10,0
obs_203894,ZInD:1288,ZInD,11,20,0
obs_203894,ZInD:1288,ZInD,17,0,0
obs_203894,ZInD:1288,ZInD,17,10,0
obs_203894,ZInD:1288,ZInD,17,20,0
obs_203894,ZInD:1288,ZInD,1,0,1
obs_203894,ZInD:1288,ZInD,1,10,1
obs_203894,ZInD:1288,ZInD,1,20,1
obs_203894,ZInD:1288,ZInD,18,0,1
obs_203894,ZInD:1288,ZInD,18,10,0
obs_203894,ZInD:1288,ZInD,18,20,0
obs_257522,ZInD:1502,ZInD,24,0,1
obs_257522,ZInD:1502,ZInD,24,10,0
obs_257522,ZInD:1502,ZInD,24,20,0
obs_257522,ZInD:1502,ZInD,6,0,0
obs_257522,ZInD:1502,ZInD,6,10,0
obs_257522,ZInD:1502,ZInD,6,20,0
obs_257522,ZInD:1502,ZInD,23,0,1
obs_257522,ZInD:1502,ZInD,23,10,0
obs_257522,ZInD:1502,ZInD,23,20,0
obs_257522,ZInD:1502,ZInD,0,0,1
obs_257522,ZInD:1502,ZInD,0,10,0
obs_257522,ZInD:1502,ZInD,0,20,0
obs_257522,ZInD:1502,ZInD,7,0,1
obs_257522,ZInD:1502,ZInD,7,10,0
obs_257522,ZInD:1502,ZInD,7,20,0
obs_257522,ZInD:1502,ZInD,20,0,1
obs_257522,ZInD:1502,ZInD,20,10,0
obs_257522,ZInD:1502,ZInD,20,20,0
obs_257522,ZInD:1502,ZInD,11,0,1
obs_257522,ZInD:1502,ZInD,11,10,0
obs_257522,ZInD:1502,ZInD,11,20,0
obs_257522,ZInD:1502,ZInD,30,0,0
obs_257522,ZInD:1502,ZInD,30,10,0
obs_257522,ZInD:1502,ZInD,30,20,0
obs_257522,ZInD:1502,ZInD,13,0,1
obs_257522,ZInD:1502,ZInD,13,10,0
obs_257522,ZInD:1502,ZInD,13,20,0
obs_257522,ZInD:1502,ZInD,5,0,0
obs_257522,ZInD:1502,ZInD,5,10,0
obs_257522,ZInD:1502,ZInD,5,20,0
obs_257522,ZInD:1502,ZInD,8,0,1
obs_257522,ZInD:1502,ZInD,8,10,0
obs_257522,ZInD:1502,ZInD,8,20,0
obs_257522,ZInD:1502,ZInD,12,0,1
obs_257522,ZInD:1502,ZInD,12,10,0
obs_257522,ZInD:1502,ZInD,12,20,0
obs_257522,ZInD:1502,ZInD,1,0,1
obs_257522,ZInD:1502,ZInD,1,10,0
obs_257522,ZInD:1502,ZInD,1,20,0
obs_257522,ZInD:1502,ZInD,18,0,0
obs_257522,ZInD:1502,ZInD,18,10,0
obs_257522,ZInD:1502,ZInD,18,20,0
obs_257522,ZInD:1502,ZInD,35,0,1
obs_257522,ZInD:1502,ZInD,35,10,0
obs_257522,ZInD:1502,ZInD,35,20,0
obs_257522,ZInD:1502,ZInD,4,0,0
obs_257522,ZInD:1502,ZInD,4,10,0
obs_257522,ZInD:1502,ZInD,4,20,0
obs_257522,ZInD:1502,ZInD,31,0,1
obs_257522,ZInD:1502,ZInD,31,10,0
obs_257522,ZInD:1502,ZInD,31,20,0
obs_257522,ZInD:1502,ZInD,19,0,1
obs_257522,ZInD:1502,ZInD,19,10,0
obs_257522,ZInD:1502,ZInD,19,20,0
obs_257522,ZInD:1502,ZInD,17,0,0
obs_257522,ZInD:1502,ZInD,17,10,0
obs_257522,ZInD:1502,ZInD,17,20,0
obs_257522,ZInD:1502,ZInD,32,0,1
obs_257522,ZInD:1502,ZInD,32,10,0
obs_257522,ZInD:1502,ZInD,32,20,0
obs_257522,ZInD:1502,ZInD,29,0,0
obs_257522,ZInD:1502,ZInD,29,10,0
obs_257522,ZInD:1502,ZInD,29,20,0
obs_294030,ZInD:0689,ZInD,1,0,1
obs_294030,ZInD:0689,ZInD,1,10,1
obs_294030,ZInD:0689,ZInD,1,20,0
obs_294030,ZInD:0689,ZInD,5,0,0
obs_294030,ZInD:0689,ZInD,5,10,0
obs_294030,ZInD:0689,ZInD,5,20,0
obs_294030,ZInD:0689,ZInD,0,0,1
obs_294030,ZInD:0689,ZInD,0,10,1
obs_294030,ZInD:0689,ZInD,0,20,0
obs_294030,ZInD:0689,ZInD,25,0,1
obs_294030,ZInD:0689,ZInD,25,10,0
obs_294030,ZInD:0689,ZInD,25,20,0
obs_294030,ZInD:0689,ZInD,31,0,0
obs_294030,ZInD:0689,ZInD,31,10,0
obs_294030,ZInD:0689,ZInD,31,20,0
obs_294030,ZInD:0689,ZInD,4,0,1
obs_294030,ZInD:0689,ZInD,4,10,0
obs_294030,ZInD:0689,ZInD,4,20,0
obs_294030,ZInD:0689,ZInD,6,0,0
obs_294030,ZInD:0689,ZInD,6,10,0
obs_294030,ZInD:0689,ZInD,6,20,0
obs_294030,ZInD:0689,ZInD,2,0,1
obs_294030,ZInD:0689,ZInD,2,10,1
obs_294030,ZInD:0689,ZInD,2,20,0
obs_294030,ZInD:0689,ZInD,24,0,1
obs_294030,ZInD:0689,ZInD,24,10,0
obs_294030,ZInD:0689,ZInD,24,20,0
obs_294030,ZInD:0689,ZInD,7,0,1
obs_294030,ZInD:0689,ZInD,7,10,0
obs_294030,ZInD:0689,ZInD,7,20,0
obs_294030,ZInD:0689,ZInD,30,0,0
obs_294030,ZInD:0689,ZInD,30,10,0
obs_294030,ZInD:0689,ZInD,30,20,0
obs_294030,ZInD:0689,ZInD,17,0,0
obs_294030,ZInD:0689,ZInD,17,10,0
obs_294030,ZInD:0689,ZInD,17,20,0
obs_294030,ZInD:0689,ZInD,3,0,1
obs_294030,ZInD:0689,ZInD,3,10,1
obs_294030,ZInD:0689,ZInD,3,20,0
obs_294030,ZInD:0689,ZInD,13,0,1
obs_294030,ZInD:0689,ZInD,13,10,0
obs_294030,ZInD:0689,ZInD,13,20,0
obs_294030,ZInD:0689,ZInD,35,0,1
obs_294030,ZInD:0689,ZInD,35,10,1
obs_294030,ZInD:0689,ZInD,35,20,0
obs_294030,ZInD:0689,ZInD,23,0,1
obs_294030,ZInD:0689,ZInD,23,10,1
obs_294030,ZInD:0689,ZInD,23,20,0
obs_294030,ZInD:0689,ZInD,18,0,0
obs_294030,ZInD:0689,ZInD,18,10,0
obs_294030,ZInD:0689,ZInD,18,20,0
obs_294030,ZInD:0689,ZInD,19,0,0
obs_294030,ZInD:0689,ZInD,19,10,0
obs_294030,ZInD:0689,ZInD,19,20,0
obs_294030,ZInD:0689,ZInD,12,0,1
obs_294030,ZInD:0689,ZInD,12,10,1
obs_294030,ZInD:0689,ZInD,12,20,0
obs_294030,ZInD:0689,ZInD,11,0,1
obs_294030,ZInD:0689,ZInD,11,10,1
obs_294030,ZInD:0689,ZInD,11,20,0
obs_241948,ZInD:0861,ZInD,3,0,1
obs_241948,ZInD:0861,ZInD,3,10,1
obs_241948,ZInD:0861,ZInD,3,20,0
obs_241948,ZInD:0861,ZInD,2,0,1
obs_241948,ZInD:0861,ZInD,2,10,0
obs_241948,ZInD:0861,ZInD,2,20,0
obs_241948,ZInD:0861,ZInD,6,0,1
obs_241948,ZInD:0861,ZInD,6,10,1
obs_241948,ZInD:0861,ZInD,6,20,1
obs_241948,ZInD:0861,ZInD,35,0,1
obs_241948,ZInD:0861,ZInD,35,10,1
obs_241948,ZInD:0861,ZInD,35,20,1
obs_241948,ZInD:0861,ZInD,12,0,1
obs_241948,ZInD:0861,ZInD,12,10,1
obs_241948,ZInD:0861,ZInD,12,20,0
obs_241948,ZInD:0861,ZInD,4,0,1
obs_241948,ZInD:0861,ZInD,4,10,1
obs_241948,ZInD:0861,ZInD,4,20,1
obs_241948,ZInD:0861,ZInD,13,0,1
obs_241948,ZInD:0861,ZInD,13,10,1
obs_241948,ZInD:0861,ZInD,13,20,0
obs_241948,ZInD:0861,ZInD,11,0,1
obs_241948,ZInD:0861,ZInD,11,10,0
obs_241948,ZInD:0861,ZInD,11,20,0
obs_241948,ZInD:0861,ZInD,29,0,1
obs_241948,ZInD:0861,ZInD,29,10,0
obs_241948,ZInD:0861,ZInD,29,20,0
obs_241948,ZInD:0861,ZInD,5,0,1
obs_241948,ZInD:0861,ZInD,5,10,1
obs_241948,ZInD:0861,ZInD,5,20,1
obs_241948,ZInD:0861,ZInD,25,0,1
obs_241948,ZInD:0861,ZInD,25,10,0
obs_241948,ZInD:0861,ZInD,25,20,0
obs_241948,ZInD:0861,ZInD,7,0,1
obs_241948,ZInD:0861,ZInD,7,10,1
obs_241948,ZInD:0861,ZInD,7,20,0
obs_241948,ZInD:0861,ZInD,23,0,1
obs_241948,ZInD:0861,ZInD,23,10,1
obs_241948,ZInD:0861,ZInD,23,20,0
obs_241948,ZInD:0861,ZInD,17,0,1
obs_241948,ZInD:0861,ZInD,17,10,1
obs_241948,ZInD:0861,ZInD,17,20,1
